ER_1000_0.25_0.al,959,1.364144,951,14.980389,974,2.256558
ER_1000_0.25_10.al,957,1.371832,956,11.165944,973,2.295692
ER_1000_0.25_11.al,958,1.347936,956,12.040388,974,2.244996
ER_1000_0.25_12.al,956,1.404768,953,10.842232,976,2.302988
ER_1000_0.25_13.al,960,1.348524,956,10.953064,974,2.306000
ER_1000_0.25_14.al,957,1.345904,956,10.808032,978,2.270744
ER_1000_0.25_15.al,958,1.391488,954,11.654936,974,2.303608
ER_1000_0.25_16.al,956,1.380728,957,11.911240,976,2.258992
ER_1000_0.25_17.al,954,1.390008,957,11.445400,975,2.358976
ER_1000_0.25_18.al,956,1.383408,955,12.120160,972,2.299072
ER_1000_0.25_19.al,960,1.359376,953,11.908576,972,2.298592
ER_1000_0.25_1.al,957,1.380752,955,11.504352,974,2.307888
ER_1000_0.25_20.al,957,1.369728,957,11.349168,974,2.303488
ER_1000_0.25_21.al,956,1.381360,956,11.081696,975,2.316784
ER_1000_0.25_22.al,958,1.362656,954,11.810720,974,2.271152
ER_1000_0.25_23.al,957,1.372944,953,11.105824,972,2.295824
ER_1000_0.25_24.al,956,1.391296,956,11.745824,975,2.280544
ER_1000_0.25_25.al,958,1.363392,956,11.263008,974,2.310112
ER_1000_0.25_26.al,959,1.365920,954,11.122144,975,2.290656
ER_1000_0.25_27.al,959,1.380416,956,11.737760,977,2.287488
ER_1000_0.25_28.al,960,1.351776,955,11.668192,974,2.303616
ER_1000_0.25_29.al,959,1.353984,954,10.789216,975,2.267200
ER_1000_0.25_2.al,957,1.355648,956,11.075168,975,2.267424
ER_1000_0.25_30.al,959,1.363264,952,12.569376,973,2.276256
ER_1000_0.25_31.al,960,1.359200,953,14.127904,976,2.311456
ER_1000_0.25_32.al,958,1.372544,952,12.374272,976,2.275680
ER_1000_0.25_33.al,956,1.384640,957,12.483072,977,2.248608
ER_1000_0.25_34.al,959,1.374592,958,12.487264,979,2.247008
ER_1000_0.25_35.al,957,1.385728,955,10.817312,978,2.291232
ER_1000_0.25_36.al,957,1.366976,956,11.304352,975,2.237056
ER_1000_0.25_37.al,957,1.357184,954,11.305536,976,2.261920
ER_1000_0.25_38.al,955,1.356832,955,12.297152,973,2.286464
ER_1000_0.25_39.al,960,1.355616,957,11.181056,975,2.241728
ER_1000_0.25_3.al,960,1.377568,953,11.894176,976,2.288064
ER_1000_0.25_40.al,959,1.373888,956,11.886688,973,2.300032
ER_1000_0.25_41.al,957,1.373696,957,12.647680,975,2.274816
ER_1000_0.25_42.al,958,1.369920,955,11.427200,975,2.288384
ER_1000_0.25_43.al,957,1.360576,953,10.909120,974,2.272832
ER_1000_0.25_44.al,955,1.396800,954,10.735872,975,2.309248
ER_1000_0.25_45.al,956,1.799232,957,11.981696,975,2.296576
ER_1000_0.25_46.al,956,1.369280,953,11.312512,975,2.258944
ER_1000_0.25_47.al,960,1.361088,957,11.229952,977,2.269376
ER_1000_0.25_48.al,955,1.397312,955,11.687936,973,2.287808
ER_1000_0.25_49.al,959,1.347200,955,12.708224,974,2.303616
ER_1000_0.25_4.al,957,1.364096,956,11.240576,975,2.266432
ER_1000_0.25_50.al,958,1.355392,957,11.419712,977,2.271232
ER_1000_0.25_51.al,957,1.347840,952,11.332864,974,2.263680
ER_1000_0.25_52.al,953,1.405056,956,11.939520,975,2.269696
ER_1000_0.25_53.al,956,1.369088,955,11.340992,976,2.278336
ER_1000_0.25_54.al,957,1.378368,956,11.311872,978,2.314624
ER_1000_0.25_55.al,959,1.356992,956,10.829056,975,2.297280
ER_1000_0.25_56.al,959,1.361792,953,10.904576,977,2.266112
ER_1000_0.25_57.al,957,1.364480,951,11.260480,975,2.338112
ER_1000_0.25_58.al,956,1.396480,957,10.935232,975,2.223360
ER_1000_0.25_59.al,958,1.383360,955,10.990976,976,2.300096
ER_1000_0.25_5.al,958,1.389632,956,10.814464,973,2.297600
ER_1000_0.25_60.al,959,1.373504,955,12.104000,974,2.290176
ER_1000_0.25_61.al,959,1.398400,954,12.515904,974,2.276736
ER_1000_0.25_62.al,957,1.394432,957,10.979200,977,2.273024
ER_1000_0.25_63.al,959,1.345984,953,11.379648,972,2.300928
ER_1000_0.25_64.al,957,1.390208,957,11.003328,973,2.274560
ER_1000_0.25_65.al,959,1.354368,955,11.185472,975,2.282176
ER_1000_0.25_66.al,957,1.375168,956,11.193536,975,2.299520
ER_1000_0.25_67.al,958,1.353344,956,10.589376,974,2.246976
ER_1000_0.25_68.al,960,1.339968,954,11.446400,971,2.305856
ER_1000_0.25_69.al,959,1.358848,955,11.063680,977,2.313536
ER_1000_0.25_6.al,960,1.363392,957,10.612992,973,2.265536
ER_1000_0.25_70.al,957,1.348928,954,11.302976,978,2.287488
ER_1000_0.25_71.al,957,1.349824,956,11.967936,974,2.245888
ER_1000_0.25_72.al,956,1.358144,955,12.126848,973,2.280960
ER_1000_0.25_73.al,955,1.371968,953,10.793088,973,2.229888
ER_1000_0.25_74.al,956,1.354112,957,11.825792,975,2.263040
ER_1000_0.25_75.al,955,1.351296,956,11.068288,974,2.285056
ER_1000_0.25_76.al,955,1.403136,956,11.378304,972,2.269056
ER_1000_0.25_77.al,956,1.385728,957,11.210624,972,2.273536
ER_1000_0.25_78.al,959,1.369472,955,11.331712,976,2.244864
ER_1000_0.25_79.al,959,1.360512,955,12.296832,973,2.266496
ER_1000_0.25_7.al,958,1.358336,954,10.916224,978,2.288512
ER_1000_0.25_80.al,957,1.370240,955,11.266048,977,2.295936
ER_1000_0.25_81.al,957,1.369600,954,10.587136,975,2.291584
ER_1000_0.25_82.al,956,1.390848,957,11.987584,977,2.278400
ER_1000_0.25_83.al,959,1.370240,953,11.985920,976,2.303616
ER_1000_0.25_84.al,959,1.341952,953,11.312000,975,2.301952
ER_1000_0.25_85.al,954,1.378816,954,11.479808,976,2.273408
ER_1000_0.25_86.al,957,1.344384,956,11.411712,975,2.263552
ER_1000_0.25_87.al,955,1.359872,955,12.032128,974,2.318976
ER_1000_0.25_88.al,957,1.362304,954,12.438144,975,2.270080
ER_1000_0.25_89.al,958,1.385600,957,10.950144,973,2.301568
ER_1000_0.25_8.al,958,1.397760,955,12.392832,974,2.335232
ER_1000_0.25_90.al,955,1.358080,954,10.659840,973,2.263424
ER_1000_0.25_91.al,955,1.356928,956,11.240832,974,2.295808
ER_1000_0.25_92.al,958,1.340928,956,13.172736,976,2.298368
ER_1000_0.25_93.al,957,1.394304,956,11.835392,973,2.268672
ER_1000_0.25_94.al,957,1.368832,954,13.631488,973,2.302080
ER_1000_0.25_95.al,958,1.359104,954,12.573952,974,2.288768
ER_1000_0.25_96.al,954,1.376256,955,11.652864,973,2.257024
ER_1000_0.25_97.al,958,1.400576,955,11.518848,975,2.270080
ER_1000_0.25_98.al,955,1.365888,953,11.468288,975,2.293248
ER_1000_0.25_99.al,958,1.352832,954,11.785216,971,2.286976
ER_1000_0.25_9.al,957,1.377664,957,11.869056,972,2.268288
ER_1000_0.50_0.al,980,1.382656,979,11.024256,987,2.338432
ER_1000_0.50_10.al,979,1.396096,978,11.333120,988,2.303232
ER_1000_0.50_11.al,980,1.390976,977,11.336448,988,2.291200
ER_1000_0.50_12.al,980,1.373696,978,10.838272,988,2.271872
ER_1000_0.50_13.al,980,1.417856,977,11.526912,989,2.323584
ER_1000_0.50_14.al,979,1.396736,978,11.072768,988,2.268032
ER_1000_0.50_15.al,980,1.389312,977,10.909056,988,2.324480
ER_1000_0.50_16.al,982,1.372160,978,11.135232,987,2.344192
ER_1000_0.50_17.al,980,1.392128,979,10.978816,986,2.292352
ER_1000_0.50_18.al,978,1.398784,979,10.910592,988,2.289280
ER_1000_0.50_19.al,981,1.371392,979,10.935424,989,2.316544
ER_1000_0.50_1.al,979,1.376256,979,10.861568,989,2.319872
ER_1000_0.50_20.al,980,1.374720,978,11.144320,988,2.335360
ER_1000_0.50_21.al,980,1.392384,978,11.157888,989,2.292480
ER_1000_0.50_22.al,981,1.374336,978,10.956288,989,2.288128
ER_1000_0.50_23.al,979,1.377536,979,11.073536,989,2.366592
ER_1000_0.50_24.al,981,1.414656,978,11.185920,989,2.313984
ER_1000_0.50_25.al,979,1.398656,979,10.904704,986,2.303744
ER_1000_0.50_26.al,979,1.366784,979,10.934272,988,2.304000
ER_1000_0.50_27.al,980,1.390208,979,11.051136,988,2.294528
ER_1000_0.50_28.al,980,1.380224,979,10.898816,990,2.351872
ER_1000_0.50_29.al,980,1.383808,978,11.275008,987,2.281984
ER_1000_0.50_2.al,978,1.383040,979,11.219968,989,2.334976
ER_1000_0.50_30.al,981,1.397888,978,10.878336,988,2.311552
ER_1000_0.50_31.al,979,1.368192,977,11.312896,988,2.319488
ER_1000_0.50_32.al,980,1.385472,979,11.096576,990,2.307584
ER_1000_0.50_33.al,979,1.373568,980,11.253760,988,2.309248
ER_1000_0.50_34.al,980,1.383040,977,11.137664,990,2.324352
ER_1000_0.50_35.al,980,1.392512,978,10.913024,988,2.297856
ER_1000_0.50_36.al,979,1.379328,977,10.924544,989,2.280192
ER_1000_0.50_37.al,980,1.389440,979,11.301248,988,2.318336
ER_1000_0.50_38.al,979,1.382912,980,10.905088,989,2.302080
ER_1000_0.50_39.al,979,1.401344,980,11.316224,991,2.297600
ER_1000_0.50_3.al,981,1.394432,979,10.926336,989,2.296960
ER_1000_0.50_40.al,979,1.406976,979,11.183232,988,2.344320
ER_1000_0.50_41.al,979,1.380096,979,10.986496,989,2.352768
ER_1000_0.50_42.al,980,1.401728,978,10.992384,990,2.311168
ER_1000_0.50_43.al,979,1.392000,978,11.031040,989,2.337664
ER_1000_0.50_44.al,979,1.404416,977,10.782976,990,2.275200
ER_1000_0.50_45.al,980,1.392512,978,10.894848,987,2.333824
ER_1000_0.50_46.al,980,1.375744,979,11.062912,989,2.332288
ER_1000_0.50_47.al,980,1.388416,980,11.079168,988,2.309248
ER_1000_0.50_48.al,980,1.393408,979,11.348736,988,2.316544
ER_1000_0.50_49.al,980,1.380864,976,10.853888,989,2.273024
ER_1000_0.50_4.al,981,1.389312,978,11.163648,987,2.331904
ER_1000_0.50_50.al,980,1.372160,979,10.944768,989,2.345728
ER_1000_0.50_51.al,978,1.385472,980,11.222272,990,2.303488
ER_1000_0.50_52.al,980,1.385728,979,11.093504,988,2.309888
ER_1000_0.50_53.al,981,1.385728,979,11.198976,988,2.276864
ER_1000_0.50_54.al,978,1.391104,978,11.049216,989,2.316544
ER_1000_0.50_55.al,979,1.392640,978,11.201536,988,2.307840
ER_1000_0.50_56.al,980,1.383424,978,10.930176,988,2.283520
ER_1000_0.50_57.al,980,1.385216,979,11.138816,986,2.345728
ER_1000_0.50_58.al,980,1.386752,978,11.149056,989,2.273536
ER_1000_0.50_59.al,979,1.404160,978,11.176704,989,2.306816
ER_1000_0.50_5.al,981,1.379328,977,11.013632,987,2.307328
ER_1000_0.50_60.al,978,1.379072,978,12.445696,988,2.303744
ER_1000_0.50_61.al,980,1.387264,980,11.011840,989,2.257664
ER_1000_0.50_62.al,980,1.387776,977,11.145728,989,2.349056
ER_1000_0.50_63.al,981,1.371648,979,10.946560,989,2.300672
ER_1000_0.50_64.al,980,1.365760,980,11.027968,987,2.303488
ER_1000_0.50_65.al,980,1.390592,977,10.893312,988,2.327296
ER_1000_0.50_66.al,981,1.377792,978,11.166464,989,2.344704
ER_1000_0.50_67.al,981,1.383424,979,10.995712,989,2.322176
ER_1000_0.50_68.al,981,1.374208,978,10.987264,987,2.335488
ER_1000_0.50_69.al,982,1.369344,977,11.004416,990,2.296064
ER_1000_0.50_6.al,980,1.379328,979,10.907392,988,2.320128
ER_1000_0.50_70.al,981,1.454592,977,11.144960,990,2.334464
ER_1000_0.50_71.al,981,1.386240,978,10.968576,990,2.351616
ER_1000_0.50_72.al,979,1.394688,980,10.970112,989,2.312960
ER_1000_0.50_73.al,979,1.372928,979,11.183872,988,2.312704
ER_1000_0.50_74.al,980,1.385216,980,11.094016,987,2.303744
ER_1000_0.50_75.al,980,1.383168,978,10.896384,988,2.346496
ER_1000_0.50_76.al,980,1.410048,979,11.124736,987,2.316288
ER_1000_0.50_77.al,980,1.381632,978,11.821312,987,2.328064
ER_1000_0.50_78.al,979,1.380864,978,11.108352,987,2.329344
ER_1000_0.50_79.al,979,1.371392,978,11.026688,988,2.314752
ER_1000_0.50_7.al,981,1.403904,980,10.872064,989,2.322688
ER_1000_0.50_80.al,980,1.384704,977,11.025152,990,2.343680
ER_1000_0.50_81.al,979,1.399808,979,11.004160,989,2.277632
ER_1000_0.50_82.al,981,1.374208,979,11.278592,987,2.295808
ER_1000_0.50_83.al,979,1.374720,979,11.065856,988,2.338560
ER_1000_0.50_84.al,979,1.380096,978,10.836992,990,2.288896
ER_1000_0.50_85.al,978,1.400832,979,11.165696,989,2.301440
ER_1000_0.50_86.al,978,1.384192,978,10.846720,987,2.299648
ER_1000_0.50_87.al,979,1.386496,978,10.946560,988,2.275328
ER_1000_0.50_88.al,978,1.382400,979,11.008000,988,2.289664
ER_1000_0.50_89.al,979,1.379584,978,11.088128,988,2.311424
ER_1000_0.50_8.al,980,1.389568,980,10.884608,988,2.336512
ER_1000_0.50_90.al,980,1.413120,979,11.302400,988,2.300672
ER_1000_0.50_91.al,981,1.387264,979,11.093760,988,2.321920
ER_1000_0.50_92.al,980,1.383168,980,11.024640,988,2.315008
ER_1000_0.50_93.al,979,1.394432,978,11.100160,989,2.329088
ER_1000_0.50_94.al,980,1.382400,977,11.203584,990,2.303744
ER_1000_0.50_95.al,980,1.381888,979,10.918144,988,2.303744
ER_1000_0.50_96.al,979,1.401088,978,11.204096,986,2.313216
ER_1000_0.50_97.al,980,1.407232,979,10.801152,988,2.284032
ER_1000_0.50_98.al,981,1.389056,977,11.215872,991,2.259968
ER_1000_0.50_99.al,979,1.377792,979,11.124224,987,2.250752
ER_1000_0.50_9.al,979,1.410048,980,11.201536,989,2.287104
ER_1000_0.75_0.al,988,1.373440,988,8.751616,993,2.317312
ER_1000_0.75_10.al,989,1.383936,988,8.770816,993,2.312960
ER_1000_0.75_11.al,989,1.393152,988,8.654848,994,2.346752
ER_1000_0.75_12.al,989,1.378560,988,8.650752,993,2.310400
ER_1000_0.75_13.al,988,1.376000,987,8.720128,994,2.340352
ER_1000_0.75_14.al,989,1.378560,987,8.655872,994,2.365696
ER_1000_0.75_15.al,989,1.369088,989,8.695552,992,2.348544
ER_1000_0.75_16.al,989,1.375488,988,8.676864,993,2.307072
ER_1000_0.75_17.al,988,1.363968,987,8.716288,993,2.278912
ER_1000_0.75_18.al,988,1.369088,989,8.666880,994,2.314752
ER_1000_0.75_19.al,988,1.373440,988,8.670208,994,2.320384
ER_1000_0.75_1.al,989,1.381888,989,8.727808,993,2.334464
ER_1000_0.75_20.al,988,1.363200,987,8.648448,994,2.363904
ER_1000_0.75_21.al,988,1.381632,988,8.706560,994,2.325248
ER_1000_0.75_22.al,989,1.377024,989,8.600320,993,2.322432
ER_1000_0.75_23.al,989,1.373440,989,8.849920,995,2.445568
ER_1000_0.75_24.al,988,1.380096,988,8.819712,993,2.358784
ER_1000_0.75_25.al,988,1.375488,988,8.719104,994,2.320640
ER_1000_0.75_26.al,989,1.380864,989,8.670208,993,2.354432
ER_1000_0.75_27.al,989,1.377024,987,8.627968,994,2.282496
ER_1000_0.75_28.al,989,1.387264,987,8.651520,994,2.312704
ER_1000_0.75_29.al,989,1.373184,989,8.699392,993,2.333952
ER_1000_0.75_2.al,988,1.371904,988,8.677120,993,2.355200
ER_1000_0.75_30.al,989,1.379328,989,8.699648,994,2.331392
ER_1000_0.75_31.al,989,1.381888,989,8.655104,993,2.349568
ER_1000_0.75_32.al,988,1.380352,988,8.641792,993,2.310144
ER_1000_0.75_33.al,989,1.369088,988,8.637696,994,2.328064
ER_1000_0.75_34.al,990,1.371136,989,8.690176,994,2.326272
ER_1000_0.75_35.al,990,1.372160,987,8.665088,993,2.343680
ER_1000_0.75_36.al,988,1.372672,988,8.653312,994,2.325504
ER_1000_0.75_37.al,989,1.374208,988,8.832000,994,2.366720
ER_1000_0.75_38.al,988,1.383936,988,8.617472,994,2.344704
ER_1000_0.75_39.al,989,1.366784,988,8.651008,994,2.301440
ER_1000_0.75_3.al,989,1.363968,988,8.696320,994,2.331392
ER_1000_0.75_40.al,988,1.384704,989,8.734720,995,2.353152
ER_1000_0.75_41.al,989,1.586176,988,9.065984,993,2.484480
ER_1000_0.75_42.al,988,1.454592,988,8.910592,994,2.326272
ER_1000_0.75_43.al,988,1.373184,988,8.963072,994,2.487808
ER_1000_0.75_44.al,988,1.445376,988,8.753920,994,2.463232
ER_1000_0.75_45.al,988,1.402624,988,9.054720,993,2.384640
ER_1000_0.75_46.al,989,1.372416,987,8.778240,994,2.392576
ER_1000_0.75_47.al,989,1.478400,988,8.781056,992,2.318080
ER_1000_0.75_48.al,988,1.382912,988,8.650496,994,2.351616
ER_1000_0.75_49.al,989,1.380352,988,8.732672,994,2.340864
ER_1000_0.75_4.al,989,1.374208,988,8.816896,994,2.376960
ER_1000_0.75_50.al,989,1.392896,988,8.665600,994,2.330624
ER_1000_0.75_51.al,989,1.378560,988,8.678656,994,2.348544
ER_1000_0.75_52.al,988,1.391104,988,8.758272,994,2.371584
ER_1000_0.75_53.al,989,1.375488,987,8.841728,994,2.298880
ER_1000_0.75_54.al,989,1.363456,988,8.685312,994,2.306560
ER_1000_0.75_55.al,989,1.388288,988,8.864768,993,2.372608
ER_1000_0.75_56.al,990,1.367808,988,8.699136,992,2.305792
ER_1000_0.75_57.al,989,1.385472,989,8.682496,995,2.355200
ER_1000_0.75_58.al,989,1.382400,988,8.685056,995,2.360832
ER_1000_0.75_59.al,989,1.373696,987,8.665600,993,2.325760
ER_1000_0.75_5.al,989,1.375744,989,8.629248,994,2.304256
ER_1000_0.75_60.al,988,1.389056,988,8.732672,995,2.315008
ER_1000_0.75_61.al,988,1.386752,988,8.655104,994,2.347776
ER_1000_0.75_62.al,990,1.373184,988,8.662784,995,2.429696
ER_1000_0.75_63.al,989,1.412352,988,8.693760,994,2.333696
ER_1000_0.75_64.al,989,1.370880,989,8.680960,993,2.328576
ER_1000_0.75_65.al,989,1.380864,989,8.780800,994,2.368768
ER_1000_0.75_66.al,988,1.386752,988,8.645120,995,2.385664
ER_1000_0.75_67.al,990,1.421824,988,8.871168,994,2.350848
ER_1000_0.75_68.al,989,1.381376,988,8.674048,994,2.327296
ER_1000_0.75_69.al,988,1.385728,988,8.718848,994,2.312704
ER_1000_0.75_6.al,989,1.376768,988,8.687616,994,2.334208
ER_1000_0.75_70.al,988,1.385984,988,8.817152,994,2.350592
ER_1000_0.75_71.al,988,1.381376,989,8.723456,994,2.329344
ER_1000_0.75_72.al,989,1.372672,989,8.731136,993,2.356480
ER_1000_0.75_73.al,989,1.376768,988,8.708864,992,2.346240
ER_1000_0.75_74.al,989,1.380352,987,8.788224,994,2.350336
ER_1000_0.75_75.al,989,1.377536,988,8.694784,994,2.289664
ER_1000_0.75_76.al,988,1.378560,988,8.843520,994,2.309376
ER_1000_0.75_77.al,988,1.367296,988,8.687616,993,2.325248
ER_1000_0.75_78.al,989,1.370112,988,8.659200,992,2.349056
ER_1000_0.75_79.al,988,1.376000,988,8.746752,994,2.297856
ER_1000_0.75_7.al,988,1.367040,988,8.780032,994,2.326528
ER_1000_0.75_80.al,988,1.389824,989,8.732672,995,2.318336
ER_1000_0.75_81.al,988,1.380855,989,8.761611,994,2.301820
ER_1000_0.75_82.al,988,1.371555,989,8.794326,995,2.306488
ER_1000_0.75_83.al,989,1.369884,987,8.758208,994,2.313436
ER_1000_0.75_84.al,987,1.402552,988,8.726156,994,2.321756
ER_1000_0.75_85.al,988,1.366668,988,8.774032,993,2.289608
ER_1000_0.75_86.al,989,1.393132,989,8.831576,994,2.275952
ER_1000_0.75_87.al,989,1.391904,988,8.804216,995,2.384272
ER_1000_0.75_88.al,987,1.388512,987,8.761928,993,2.319936
ER_1000_0.75_89.al,988,1.374968,989,8.733624,993,2.283264
ER_1000_0.75_8.al,989,1.378168,988,8.903024,994,2.296056
ER_1000_0.75_90.al,990,1.374800,989,8.775496,994,2.299104
ER_1000_0.75_91.al,988,1.437040,989,8.786256,992,2.355584
ER_1000_0.75_92.al,989,1.378384,987,8.771376,994,2.263664
ER_1000_0.75_93.al,989,1.383920,988,8.751664,994,2.255504
ER_1000_0.75_94.al,988,1.378384,989,8.834656,994,2.282608
ER_1000_0.75_95.al,988,1.361504,989,8.756016,994,2.287376
ER_1000_0.75_96.al,989,1.376640,989,8.713328,994,2.297616
ER_1000_0.75_97.al,989,1.367888,988,8.693792,993,2.325952
ER_1000_0.75_98.al,988,1.380224,988,8.811648,995,2.322944
ER_1000_0.75_99.al,989,1.382656,988,8.715760,995,2.307712
ER_1000_0.75_9.al,989,1.383952,989,8.725552,994,2.282480
ER_100_0.25_0.al,71,0.001360,69,0.006624,83,0.002000
ER_100_0.25_10.al,69,0.001232,70,0.006336,80,0.001856
ER_100_0.25_11.al,72,0.001424,71,0.006208,79,0.001904
ER_100_0.25_12.al,74,0.001328,71,0.006560,82,0.001920
ER_100_0.25_13.al,72,0.001280,71,0.006096,81,0.001856
ER_100_0.25_14.al,73,0.001408,72,0.006064,83,0.002016
ER_100_0.25_15.al,74,0.001312,74,0.006256,84,0.001984
ER_100_0.25_16.al,73,0.001264,73,0.006688,79,0.001952
ER_100_0.25_17.al,74,0.001392,74,0.006400,81,0.002128
ER_100_0.25_18.al,74,0.001280,71,0.005872,80,0.001920
ER_100_0.25_19.al,72,0.001376,72,0.006512,82,0.001984
ER_100_0.25_1.al,72,0.001360,71,0.006896,81,0.002160
ER_100_0.25_20.al,74,0.001312,73,0.006464,80,0.001952
ER_100_0.25_21.al,72,0.001424,71,0.006384,82,0.001888
ER_100_0.25_22.al,74,0.001344,75,0.006800,79,0.001920
ER_100_0.25_23.al,74,0.001328,74,0.006528,84,0.002032
ER_100_0.25_24.al,73,0.001287,72,0.006010,81,0.001874
ER_100_0.25_25.al,73,0.001383,71,0.006753,79,0.002264
ER_100_0.25_26.al,72,0.001458,74,0.006422,80,0.001846
ER_100_0.25_27.al,72,0.001353,72,0.006938,81,0.001786
ER_100_0.25_28.al,72,0.001339,72,0.006170,81,0.001928
ER_100_0.25_29.al,73,0.001280,72,0.006168,80,0.001908
ER_100_0.25_2.al,72,0.001337,73,0.006094,83,0.002013
ER_100_0.25_30.al,73,0.001568,71,0.005827,82,0.001899
ER_100_0.25_31.al,71,0.001304,71,0.006716,76,0.001864
ER_100_0.25_32.al,73,0.001497,71,0.006262,78,0.001891
ER_100_0.25_33.al,73,0.001380,72,0.006497,82,0.001927
ER_100_0.25_34.al,72,0.001282,72,0.006286,81,0.001881
ER_100_0.25_35.al,72,0.001292,72,0.006197,80,0.001913
ER_100_0.25_36.al,74,0.001320,72,0.006877,79,0.002044
ER_100_0.25_37.al,74,0.001331,72,0.007130,80,0.001885
ER_100_0.25_38.al,74,0.001399,71,0.006144,81,0.001889
ER_100_0.25_39.al,73,0.001277,72,0.006195,83,0.001850
ER_100_0.25_3.al,73,0.001657,72,0.006352,82,0.002023
ER_100_0.25_40.al,74,0.001294,72,0.006979,81,0.001950
ER_100_0.25_41.al,74,0.001312,74,0.006306,84,0.002005
ER_100_0.25_42.al,72,0.001283,71,0.006038,80,0.001918
ER_100_0.25_43.al,73,0.001270,71,0.006279,82,0.001910
ER_100_0.25_44.al,75,0.001546,74,0.006880,81,0.001895
ER_100_0.25_45.al,73,0.001295,70,0.006786,78,0.001880
ER_100_0.25_46.al,73,0.001370,72,0.007189,83,0.001948
ER_100_0.25_47.al,74,0.001259,71,0.006076,82,0.002019
ER_100_0.25_48.al,72,0.001287,71,0.006127,83,0.001861
ER_100_0.25_49.al,75,0.001301,73,0.006312,81,0.001923
ER_100_0.25_4.al,72,0.001274,72,0.006030,77,0.001864
ER_100_0.25_50.al,74,0.001290,73,0.006151,82,0.001974
ER_100_0.25_51.al,74,0.001334,73,0.006058,82,0.001904
ER_100_0.25_52.al,72,0.001301,72,0.005686,81,0.001789
ER_100_0.25_53.al,72,0.001470,74,0.006289,81,0.001921
ER_100_0.25_54.al,72,0.001377,72,0.006539,82,0.002000
ER_100_0.25_55.al,71,0.001250,71,0.005835,83,0.001763
ER_100_0.25_56.al,73,0.001299,73,0.006504,83,0.002971
ER_100_0.25_57.al,70,0.001311,71,0.005970,81,0.001844
ER_100_0.25_58.al,73,0.001352,72,0.006445,82,0.001917
ER_100_0.25_59.al,72,0.001322,71,0.006283,80,0.001841
ER_100_0.25_5.al,73,0.001260,72,0.006087,82,0.001986
ER_100_0.25_60.al,75,0.001389,75,0.006761,84,0.002012
ER_100_0.25_61.al,73,0.001415,70,0.006084,81,0.001985
ER_100_0.25_62.al,75,0.001401,76,0.006453,85,0.001941
ER_100_0.25_63.al,71,0.001321,70,0.007387,80,0.001805
ER_100_0.25_64.al,71,0.001259,72,0.005926,82,0.001919
ER_100_0.25_65.al,74,0.001315,70,0.006343,81,0.001844
ER_100_0.25_66.al,72,0.001406,72,0.006337,80,0.001839
ER_100_0.25_67.al,75,0.001430,73,0.006381,84,0.001973
ER_100_0.25_68.al,72,0.001392,71,0.006527,81,0.001933
ER_100_0.25_69.al,73,0.001327,72,0.006048,79,0.001903
ER_100_0.25_6.al,73,0.001268,72,0.007069,78,0.001912
ER_100_0.25_70.al,75,0.001305,72,0.006152,83,0.001933
ER_100_0.25_71.al,73,0.001293,72,0.006470,83,0.001885
ER_100_0.25_72.al,74,0.001309,73,0.006482,82,0.001949
ER_100_0.25_73.al,72,0.001299,70,0.005903,82,0.001873
ER_100_0.25_74.al,74,0.001385,73,0.006191,82,0.001842
ER_100_0.25_75.al,74,0.001332,74,0.006207,81,0.001912
ER_100_0.25_76.al,75,0.001407,73,0.006396,85,0.002145
ER_100_0.25_77.al,74,0.001396,73,0.006264,81,0.002067
ER_100_0.25_78.al,74,0.001317,72,0.006568,81,0.002133
ER_100_0.25_79.al,74,0.001365,71,0.006280,78,0.002110
ER_100_0.25_7.al,75,0.001391,75,0.006708,83,0.001898
ER_100_0.25_80.al,72,0.001315,73,0.005831,81,0.001871
ER_100_0.25_81.al,75,0.001436,75,0.006915,83,0.001932
ER_100_0.25_82.al,71,0.001350,72,0.006070,82,0.001991
ER_100_0.25_83.al,74,0.001371,71,0.006370,83,0.001860
ER_100_0.25_84.al,73,0.001398,72,0.006126,82,0.001916
ER_100_0.25_85.al,72,0.001343,74,0.006534,77,0.001898
ER_100_0.25_86.al,74,0.001238,74,0.006508,81,0.001875
ER_100_0.25_87.al,73,0.001327,73,0.006170,80,0.002055
ER_100_0.25_88.al,74,0.001304,73,0.006392,82,0.001968
ER_100_0.25_89.al,73,0.001334,72,0.006120,82,0.001857
ER_100_0.25_8.al,72,0.001331,72,0.006019,79,0.001936
ER_100_0.25_90.al,74,0.001422,74,0.006180,80,0.001978
ER_100_0.25_91.al,72,0.001231,72,0.006098,81,0.001840
ER_100_0.25_92.al,72,0.001340,72,0.006635,81,0.001930
ER_100_0.25_93.al,73,0.001327,72,0.006529,83,0.001867
ER_100_0.25_94.al,74,0.001322,74,0.006488,81,0.001900
ER_100_0.25_95.al,74,0.001606,73,0.006485,84,0.001997
ER_100_0.25_96.al,74,0.001420,71,0.006356,84,0.002164
ER_100_0.25_97.al,74,0.001318,71,0.006498,84,0.001835
ER_100_0.25_98.al,74,0.001414,73,0.006416,80,0.001916
ER_100_0.25_99.al,74,0.001382,71,0.005896,80,0.001994
ER_100_0.25_9.al,73,0.001344,72,0.007350,81,0.001922
ER_100_0.50_0.al,88,0.001598,86,0.009813,93,0.002284
ER_100_0.50_10.al,85,0.001645,85,0.009120,92,0.002198
ER_100_0.50_11.al,86,0.001673,85,0.009027,91,0.002201
ER_100_0.50_12.al,89,0.001622,87,0.009373,91,0.002328
ER_100_0.50_13.al,86,0.001645,86,0.009138,89,0.002171
ER_100_0.50_14.al,86,0.001685,85,0.009115,90,0.002119
ER_100_0.50_15.al,87,0.001669,85,0.009197,90,0.002266
ER_100_0.50_16.al,87,0.001627,85,0.009075,92,0.002477
ER_100_0.50_17.al,84,0.001651,83,0.009115,91,0.002302
ER_100_0.50_18.al,86,0.001631,86,0.009265,91,0.002153
ER_100_0.50_19.al,86,0.001630,86,0.010366,90,0.002156
ER_100_0.50_1.al,86,0.001693,86,0.009209,91,0.002321
ER_100_0.50_20.al,86,0.001709,85,0.009335,91,0.002200
ER_100_0.50_21.al,86,0.001669,86,0.009254,89,0.002179
ER_100_0.50_22.al,86,0.001659,85,0.009140,91,0.002188
ER_100_0.50_23.al,87,0.001735,85,0.010157,91,0.002218
ER_100_0.50_24.al,85,0.001697,86,0.010159,90,0.002227
ER_100_0.50_25.al,86,0.001781,85,0.009051,91,0.002207
ER_100_0.50_26.al,87,0.001625,87,0.009273,92,0.002187
ER_100_0.50_27.al,86,0.001671,86,0.009459,91,0.002193
ER_100_0.50_28.al,86,0.001668,85,0.009201,91,0.003108
ER_100_0.50_29.al,86,0.001670,85,0.009024,91,0.002186
ER_100_0.50_2.al,86,0.001688,86,0.009209,89,0.002123
ER_100_0.50_30.al,85,0.001584,85,0.008843,91,0.002146
ER_100_0.50_31.al,86,0.001666,84,0.009091,93,0.002198
ER_100_0.50_32.al,86,0.001644,85,0.009006,92,0.002093
ER_100_0.50_33.al,86,0.001671,85,0.009095,91,0.002194
ER_100_0.50_34.al,84,0.001654,84,0.008842,91,0.002138
ER_100_0.50_35.al,85,0.001722,85,0.008913,93,0.002169
ER_100_0.50_36.al,87,0.001603,86,0.009843,93,0.002109
ER_100_0.50_37.al,85,0.001657,85,0.009245,90,0.002206
ER_100_0.50_38.al,85,0.001663,86,0.009073,92,0.002145
ER_100_0.50_39.al,85,0.001839,85,0.009708,91,0.002179
ER_100_0.50_3.al,86,0.001671,86,0.008961,92,0.002443
ER_100_0.50_40.al,84,0.001695,85,0.008968,92,0.002240
ER_100_0.50_41.al,85,0.001739,85,0.009620,91,0.002291
ER_100_0.50_42.al,86,0.001636,85,0.009835,92,0.002188
ER_100_0.50_43.al,87,0.001794,86,0.009778,92,0.002445
ER_100_0.50_44.al,85,0.001723,86,0.009210,91,0.002316
ER_100_0.50_45.al,86,0.001669,85,0.008958,91,0.002184
ER_100_0.50_46.al,86,0.001675,84,0.009357,92,0.002128
ER_100_0.50_47.al,87,0.001695,86,0.009197,94,0.002113
ER_100_0.50_48.al,86,0.001670,85,0.009481,91,0.002246
ER_100_0.50_49.al,86,0.001976,86,0.009226,91,0.002215
ER_100_0.50_4.al,87,0.001712,87,0.009131,90,0.002288
ER_100_0.50_50.al,87,0.001648,86,0.009477,90,0.002244
ER_100_0.50_51.al,87,0.001717,86,0.009496,91,0.002192
ER_100_0.50_52.al,87,0.001638,86,0.009259,90,0.002361
ER_100_0.50_53.al,86,0.001611,85,0.008933,91,0.002161
ER_100_0.50_54.al,86,0.001749,86,0.009064,92,0.002100
ER_100_0.50_55.al,85,0.001593,85,0.008969,91,0.002318
ER_100_0.50_56.al,86,0.001695,86,0.009877,91,0.002229
ER_100_0.50_57.al,86,0.001656,85,0.009436,90,0.002123
ER_100_0.50_58.al,86,0.001650,86,0.009311,90,0.002166
ER_100_0.50_59.al,86,0.001649,85,0.009025,90,0.002197
ER_100_0.50_5.al,85,0.001744,85,0.009019,90,0.002196
ER_100_0.50_60.al,87,0.001790,85,0.009116,91,0.002116
ER_100_0.50_61.al,87,0.001665,86,0.009347,91,0.002402
ER_100_0.50_62.al,86,0.001640,86,0.009342,93,0.002219
ER_100_0.50_63.al,86,0.002130,85,0.009702,92,0.002284
ER_100_0.50_64.al,87,0.001758,85,0.009043,91,0.002159
ER_100_0.50_65.al,87,0.001730,85,0.009338,92,0.002208
ER_100_0.50_66.al,87,0.001632,87,0.009708,91,0.002138
ER_100_0.50_67.al,86,0.001776,84,0.010507,92,0.002212
ER_100_0.50_68.al,87,0.001664,86,0.010529,91,0.002182
ER_100_0.50_69.al,86,0.001615,85,0.008900,90,0.002314
ER_100_0.50_6.al,86,0.001710,85,0.009166,90,0.002133
ER_100_0.50_70.al,84,0.001651,85,0.009384,89,0.002136
ER_100_0.50_71.al,86,0.001652,85,0.009187,90,0.002220
ER_100_0.50_72.al,86,0.001750,85,0.009601,93,0.002199
ER_100_0.50_73.al,88,0.001908,86,0.009558,92,0.002166
ER_100_0.50_74.al,86,0.001938,85,0.008920,93,0.002235
ER_100_0.50_75.al,85,0.001679,84,0.008934,91,0.002197
ER_100_0.50_76.al,87,0.001670,85,0.009278,91,0.002333
ER_100_0.50_77.al,87,0.001705,86,0.009435,91,0.002130
ER_100_0.50_78.al,87,0.001677,84,0.008780,93,0.002719
ER_100_0.50_79.al,86,0.001677,87,0.009335,89,0.002225
ER_100_0.50_7.al,86,0.001627,86,0.009602,92,0.002113
ER_100_0.50_80.al,86,0.001678,85,0.008973,90,0.002134
ER_100_0.50_81.al,87,0.002000,84,0.009216,90,0.002169
ER_100_0.50_82.al,85,0.002162,85,0.009272,90,0.002203
ER_100_0.50_83.al,86,0.001809,87,0.009798,92,0.002200
ER_100_0.50_84.al,86,0.001805,86,0.009693,91,0.002142
ER_100_0.50_85.al,86,0.001616,86,0.008950,91,0.002271
ER_100_0.50_86.al,85,0.001724,85,0.008880,90,0.002161
ER_100_0.50_87.al,85,0.001587,84,0.008811,89,0.002178
ER_100_0.50_88.al,86,0.001654,86,0.009310,91,0.002213
ER_100_0.50_89.al,86,0.001626,85,0.010054,92,0.002232
ER_100_0.50_8.al,85,0.001661,87,0.009157,92,0.002212
ER_100_0.50_90.al,86,0.001640,86,0.009475,91,0.002056
ER_100_0.50_91.al,86,0.001701,86,0.009657,91,0.002136
ER_100_0.50_92.al,87,0.001704,86,0.009147,91,0.002154
ER_100_0.50_93.al,87,0.001638,84,0.009184,89,0.002269
ER_100_0.50_94.al,86,0.001729,85,0.009772,91,0.002241
ER_100_0.50_95.al,86,0.001705,85,0.009163,91,0.002167
ER_100_0.50_96.al,84,0.001635,85,0.009252,91,0.002126
ER_100_0.50_97.al,87,0.001625,85,0.009131,90,0.002370
ER_100_0.50_98.al,86,0.001701,86,0.009300,91,0.002108
ER_100_0.50_99.al,85,0.001631,86,0.008972,93,0.002636
ER_100_0.50_9.al,85,0.001608,85,0.009271,92,0.002163
ER_100_0.75_0.al,92,0.001756,92,0.008871,95,0.002383
ER_100_0.75_10.al,93,0.001709,91,0.008221,95,0.002268
ER_100_0.75_11.al,92,0.001691,92,0.008243,96,0.002589
ER_100_0.75_12.al,92,0.001771,91,0.008803,96,0.002248
ER_100_0.75_13.al,92,0.001812,91,0.008973,94,0.002306
ER_100_0.75_14.al,92,0.001735,92,0.008568,95,0.002179
ER_100_0.75_15.al,92,0.001753,91,0.008828,95,0.002271
ER_100_0.75_16.al,92,0.001709,92,0.008620,95,0.002232
ER_100_0.75_17.al,92,0.001832,92,0.008360,95,0.002198
ER_100_0.75_18.al,92,0.001683,91,0.008713,95,0.002277
ER_100_0.75_19.al,92,0.001751,91,0.008804,95,0.002280
ER_100_0.75_1.al,92,0.001953,91,0.008294,96,0.002269
ER_100_0.75_20.al,92,0.001743,91,0.008233,95,0.002755
ER_100_0.75_21.al,92,0.001725,91,0.008597,94,0.002295
ER_100_0.75_22.al,92,0.001717,92,0.008314,95,0.002295
ER_100_0.75_23.al,91,0.001680,92,0.008489,94,0.002346
ER_100_0.75_24.al,93,0.001700,92,0.008700,95,0.002272
ER_100_0.75_25.al,92,0.001890,92,0.008570,95,0.002199
ER_100_0.75_26.al,93,0.001757,92,0.008199,95,0.002318
ER_100_0.75_27.al,91,0.001783,91,0.008750,94,0.002348
ER_100_0.75_28.al,93,0.001815,91,0.008625,95,0.002253
ER_100_0.75_29.al,92,0.001717,91,0.008357,93,0.002407
ER_100_0.75_2.al,92,0.001736,91,0.008288,95,0.002438
ER_100_0.75_30.al,92,0.001784,92,0.008381,95,0.002304
ER_100_0.75_31.al,92,0.001849,92,0.008534,95,0.002260
ER_100_0.75_32.al,92,0.001700,92,0.008288,94,0.002376
ER_100_0.75_33.al,91,0.001707,91,0.008359,95,0.002679
ER_100_0.75_34.al,92,0.001720,92,0.008537,95,0.002226
ER_100_0.75_35.al,91,0.001794,91,0.008221,96,0.002254
ER_100_0.75_36.al,92,0.001717,92,0.008140,94,0.002400
ER_100_0.75_37.al,92,0.001704,92,0.008519,95,0.002262
ER_100_0.75_38.al,93,0.001729,92,0.008166,95,0.002305
ER_100_0.75_39.al,93,0.001722,92,0.008260,96,0.002257
ER_100_0.75_3.al,91,0.001726,91,0.008291,96,0.002312
ER_100_0.75_40.al,93,0.001713,92,0.008727,95,0.002214
ER_100_0.75_41.al,93,0.001769,92,0.008332,95,0.002270
ER_100_0.75_42.al,92,0.001776,91,0.008244,95,0.002453
ER_100_0.75_43.al,92,0.001636,91,0.008442,96,0.002250
ER_100_0.75_44.al,91,0.001818,91,0.008650,95,0.002275
ER_100_0.75_45.al,91,0.001760,91,0.008297,94,0.002286
ER_100_0.75_46.al,92,0.001756,92,0.008236,95,0.002315
ER_100_0.75_47.al,91,0.001806,92,0.008458,95,0.002316
ER_100_0.75_48.al,93,0.001821,92,0.008388,95,0.002310
ER_100_0.75_49.al,92,0.001734,91,0.008376,94,0.002248
ER_100_0.75_4.al,93,0.001730,92,0.008502,95,0.002209
ER_100_0.75_50.al,91,0.001681,91,0.008558,95,0.002240
ER_100_0.75_51.al,92,0.001718,92,0.008253,95,0.002318
ER_100_0.75_52.al,92,0.001721,92,0.008220,94,0.002763
ER_100_0.75_53.al,92,0.001736,92,0.008642,95,0.002284
ER_100_0.75_54.al,91,0.001708,92,0.008322,96,0.002277
ER_100_0.75_55.al,91,0.001720,91,0.008308,96,0.002316
ER_100_0.75_56.al,92,0.001635,92,0.008639,95,0.002201
ER_100_0.75_57.al,92,0.002035,92,0.008343,95,0.002266
ER_100_0.75_58.al,92,0.001742,92,0.008244,96,0.002322
ER_100_0.75_59.al,92,0.001763,91,0.008245,95,0.002317
ER_100_0.75_5.al,93,0.001689,92,0.008263,96,0.002245
ER_100_0.75_60.al,92,0.002239,91,0.008300,95,0.002260
ER_100_0.75_61.al,92,0.001731,91,0.008326,95,0.002478
ER_100_0.75_62.al,91,0.001665,92,0.008232,94,0.002279
ER_100_0.75_63.al,92,0.001718,93,0.008306,95,0.002205
ER_100_0.75_64.al,92,0.001862,91,0.008291,95,0.002336
ER_100_0.75_65.al,93,0.001698,91,0.008370,94,0.002535
ER_100_0.75_66.al,92,0.001766,91,0.008540,95,0.002222
ER_100_0.75_67.al,92,0.001715,92,0.008316,95,0.002263
ER_100_0.75_68.al,92,0.001773,92,0.008332,96,0.002265
ER_100_0.75_69.al,92,0.001732,91,0.008330,96,0.002379
ER_100_0.75_6.al,91,0.001796,91,0.008311,95,0.002215
ER_100_0.75_70.al,92,0.001735,92,0.008204,95,0.002261
ER_100_0.75_71.al,92,0.001692,92,0.008281,94,0.002272
ER_100_0.75_72.al,93,0.001752,91,0.008359,94,0.002294
ER_100_0.75_73.al,91,0.001688,91,0.008346,96,0.002256
ER_100_0.75_74.al,92,0.001840,91,0.008437,95,0.002416
ER_100_0.75_75.al,91,0.001730,90,0.008310,95,0.002309
ER_100_0.75_76.al,92,0.001790,91,0.008544,94,0.002223
ER_100_0.75_77.al,92,0.001761,91,0.008761,94,0.002205
ER_100_0.75_78.al,92,0.001696,91,0.008338,94,0.002260
ER_100_0.75_79.al,91,0.001675,91,0.008367,95,0.002452
ER_100_0.75_7.al,92,0.001721,91,0.008559,96,0.002273
ER_100_0.75_80.al,93,0.001747,92,0.008313,95,0.002291
ER_100_0.75_81.al,93,0.001755,92,0.008204,95,0.002204
ER_100_0.75_82.al,92,0.001679,91,0.008731,95,0.002384
ER_100_0.75_83.al,91,0.001699,91,0.008409,96,0.002244
ER_100_0.75_84.al,91,0.001835,91,0.008292,95,0.002336
ER_100_0.75_85.al,92,0.001686,91,0.008385,95,0.002377
ER_100_0.75_86.al,92,0.001692,92,0.008244,95,0.002222
ER_100_0.75_87.al,93,0.001630,92,0.008382,95,0.002280
ER_100_0.75_88.al,93,0.001720,92,0.008175,95,0.002222
ER_100_0.75_89.al,92,0.001712,91,0.008144,95,0.002346
ER_100_0.75_8.al,92,0.001741,92,0.008582,93,0.002255
ER_100_0.75_90.al,93,0.001759,90,0.008368,95,0.002278
ER_100_0.75_91.al,92,0.001727,92,0.008250,95,0.002235
ER_100_0.75_92.al,92,0.001691,92,0.008897,96,0.002231
ER_100_0.75_93.al,93,0.001701,92,0.008293,95,0.002254
ER_100_0.75_94.al,92,0.002070,92,0.008316,95,0.002282
ER_100_0.75_95.al,92,0.001729,92,0.008297,95,0.002257
ER_100_0.75_96.al,92,0.002094,92,0.008649,95,0.002261
ER_100_0.75_97.al,93,0.001688,92,0.008266,96,0.002326
ER_100_0.75_98.al,92,0.001737,91,0.008301,96,0.002299
ER_100_0.75_99.al,93,0.001671,91,0.008372,95,0.002338
ER_100_0.75_9.al,91,0.001678,91,0.008825,94,0.002252
ER_10_0.25_0.al,4,0.000005,4,0.000010,5,0.000006
ER_10_0.25_10.al,3,0.000005,3,0.000009,3,0.000005
ER_10_0.25_11.al,2,0.000005,2,0.000008,2,0.000004
ER_10_0.25_12.al,2,0.000005,2,0.000008,3,0.000005
ER_10_0.25_13.al,2,0.000005,2,0.000006,2,0.000004
ER_10_0.25_14.al,2,0.000004,2,0.000006,2,0.000028
ER_10_0.25_15.al,1,0.000004,1,0.000005,1,0.000004
ER_10_0.25_16.al,2,0.000005,2,0.000007,2,0.000004
ER_10_0.25_17.al,2,0.000005,2,0.000008,2,0.000004
ER_10_0.25_18.al,3,0.000006,3,0.000010,4,0.000006
ER_10_0.25_19.al,2,0.000005,2,0.000008,2,0.000005
ER_10_0.25_1.al,2,0.000005,2,0.000007,2,0.000004
ER_10_0.25_20.al,2,0.000005,2,0.000006,2,0.000004
ER_10_0.25_21.al,4,0.000006,4,0.000011,4,0.000006
ER_10_0.25_22.al,3,0.000006,3,0.000011,3,0.000006
ER_10_0.25_23.al,1,0.000004,1,0.000005,1,0.000003
ER_10_0.25_24.al,2,0.000004,2,0.000006,2,0.000004
ER_10_0.25_25.al,2,0.000005,2,0.000006,2,0.000004
ER_10_0.25_26.al,2,0.000005,2,0.000008,2,0.000005
ER_10_0.25_27.al,2,0.000004,2,0.000007,2,0.000005
ER_10_0.25_28.al,2,0.000005,2,0.000006,2,0.000005
ER_10_0.25_29.al,2,0.000005,2,0.000007,2,0.000004
ER_10_0.25_2.al,1,0.000003,1,0.000015,1,0.000003
ER_10_0.25_30.al,2,0.000004,2,0.000007,2,0.000004
ER_10_0.25_31.al,3,0.000005,3,0.000007,3,0.000004
ER_10_0.25_32.al,3,0.000005,3,0.000007,3,0.000004
ER_10_0.25_33.al,2,0.000005,2,0.000006,2,0.000004
ER_10_0.25_34.al,2,0.000005,2,0.000006,2,0.000004
ER_10_0.25_35.al,3,0.000005,3,0.000009,4,0.000005
ER_10_0.25_36.al,2,0.000005,2,0.000007,2,0.000004
ER_10_0.25_37.al,3,0.000005,3,0.000008,3,0.000005
ER_10_0.25_38.al,1,0.000004,1,0.000005,1,0.000004
ER_10_0.25_39.al,1,0.000004,1,0.000004,1,0.000004
ER_10_0.25_3.al,2,0.000004,2,0.000006,2,0.000004
ER_10_0.25_40.al,3,0.000006,3,0.000011,3,0.000005
ER_10_0.25_41.al,2,0.000005,2,0.000008,2,0.000004
ER_10_0.25_42.al,2,0.000005,2,0.000007,3,0.000004
ER_10_0.25_43.al,2,0.000004,2,0.000005,2,0.000003
ER_10_0.25_44.al,2,0.000004,2,0.000006,2,0.000004
ER_10_0.25_45.al,3,0.000005,3,0.000008,4,0.000005
ER_10_0.25_46.al,2,0.000005,2,0.000006,2,0.000004
ER_10_0.25_47.al,2,0.000004,2,0.000006,2,0.000003
ER_10_0.25_48.al,1,0.000005,1,0.000005,1,0.000004
ER_10_0.25_49.al,2,0.000005,2,0.000007,2,0.000004
ER_10_0.25_4.al,2,0.000005,2,0.000006,2,0.000003
ER_10_0.25_50.al,1,0.000004,1,0.000004,1,0.000003
ER_10_0.25_51.al,3,0.000005,3,0.000009,3,0.000005
ER_10_0.25_52.al,3,0.000005,3,0.000008,4,0.000005
ER_10_0.25_53.al,2,0.000006,2,0.000020,2,0.000005
ER_10_0.25_54.al,3,0.000005,3,0.000009,3,0.000005
ER_10_0.25_55.al,2,0.000004,2,0.000006,2,0.000004
ER_10_0.25_56.al,1,0.000005,1,0.000005,1,0.000003
ER_10_0.25_57.al,2,0.000004,2,0.000008,2,0.000005
ER_10_0.25_58.al,2,0.000004,2,0.000007,2,0.000004
ER_10_0.25_59.al,1,0.000004,1,0.000006,1,0.000004
ER_10_0.25_5.al,2,0.000005,2,0.000008,3,0.000005
ER_10_0.25_60.al,2,0.000005,2,0.000007,3,0.000004
ER_10_0.25_61.al,3,0.000006,3,0.000010,3,0.000005
ER_10_0.25_62.al,2,0.000005,2,0.000006,2,0.000004
ER_10_0.25_63.al,2,0.000005,2,0.000007,3,0.000005
ER_10_0.25_64.al,2,0.000004,2,0.000006,2,0.000004
ER_10_0.25_65.al,3,0.000005,3,0.000016,4,0.000006
ER_10_0.25_66.al,2,0.000005,2,0.000008,2,0.000005
ER_10_0.25_67.al,2,0.000005,2,0.000008,3,0.000005
ER_10_0.25_68.al,2,0.000005,2,0.000009,2,0.000005
ER_10_0.25_69.al,2,0.000005,2,0.000009,2,0.000004
ER_10_0.25_6.al,3,0.000005,3,0.000009,4,0.000005
ER_10_0.25_70.al,3,0.000006,3,0.000010,4,0.000005
ER_10_0.25_71.al,2,0.000004,2,0.000007,2,0.000004
ER_10_0.25_72.al,3,0.000004,3,0.000007,3,0.000004
ER_10_0.25_73.al,1,0.000004,1,0.000005,1,0.000003
ER_10_0.25_74.al,3,0.000005,3,0.000010,3,0.000006
ER_10_0.25_75.al,2,0.000005,2,0.000008,3,0.000005
ER_10_0.25_76.al,2,0.000005,2,0.000010,2,0.000004
ER_10_0.25_77.al,3,0.000006,3,0.000010,3,0.000005
ER_10_0.25_78.al,1,0.000004,1,0.000004,1,0.000003
ER_10_0.25_79.al,2,0.000005,2,0.000007,2,0.000004
ER_10_0.25_7.al,2,0.000005,2,0.000007,2,0.000004
ER_10_0.25_80.al,1,0.000014,1,0.000006,1,0.000004
ER_10_0.25_81.al,3,0.000004,3,0.000008,3,0.000005
ER_10_0.25_82.al,2,0.000004,2,0.000008,2,0.000005
ER_10_0.25_83.al,2,0.000004,2,0.000008,2,0.000004
ER_10_0.25_84.al,1,0.000004,1,0.000007,1,0.000004
ER_10_0.25_85.al,2,0.000004,2,0.000005,2,0.000004
ER_10_0.25_86.al,2,0.000004,2,0.000008,2,0.000004
ER_10_0.25_87.al,1,0.000004,1,0.000005,1,0.000004
ER_10_0.25_88.al,2,0.000005,2,0.000006,2,0.000004
ER_10_0.25_89.al,2,0.000005,2,0.000009,3,0.000005
ER_10_0.25_8.al,2,0.000005,2,0.000008,2,0.000005
ER_10_0.25_90.al,2,0.000005,2,0.000009,3,0.000005
ER_10_0.25_91.al,4,0.000006,4,0.000011,4,0.000005
ER_10_0.25_92.al,1,0.000003,1,0.000005,1,0.000003
ER_10_0.25_93.al,2,0.000005,2,0.000006,2,0.000003
ER_10_0.25_94.al,2,0.000004,2,0.000008,3,0.000004
ER_10_0.25_95.al,3,0.000005,3,0.000009,4,0.000005
ER_10_0.25_96.al,2,0.000004,2,0.000006,2,0.000004
ER_10_0.25_97.al,2,0.000005,2,0.000007,2,0.000004
ER_10_0.25_98.al,1,0.000004,1,0.000005,1,0.000003
ER_10_0.25_99.al,2,0.000005,2,0.000007,2,0.000005
ER_10_0.25_9.al,2,0.000004,2,0.000006,2,0.000004
ER_10_0.50_0.al,4,0.000006,4,0.000013,4,0.000006
ER_10_0.50_10.al,6,0.000007,6,0.000016,7,0.000007
ER_10_0.50_11.al,4,0.000007,4,0.000013,5,0.000007
ER_10_0.50_12.al,5,0.000007,5,0.000014,6,0.000007
ER_10_0.50_13.al,5,0.000008,5,0.000012,5,0.000007
ER_10_0.50_14.al,5,0.000006,5,0.000014,5,0.000007
ER_10_0.50_15.al,4,0.000007,4,0.000014,5,0.000007
ER_10_0.50_16.al,5,0.000007,5,0.000011,5,0.000006
ER_10_0.50_16.al,5,0.000006,5,0.000011,5,0.000006
ER_10_0.50_16.al,5,0.008351,5,0.013016,5,0.002645
ER_10_0.50_17.al,5,0.000107,5,0.000303,6,0.000204
ER_10_0.50_18.al,4,0.000101,4,0.000225,4,0.000090
ER_10_0.50_19.al,5,0.000106,5,0.001930,5,0.000099
ER_10_0.50_1.al,4,0.000102,4,0.000186,4,0.000090
ER_10_0.50_20.al,4,0.000097,4,0.000194,5,0.000086
ER_10_0.50_21.al,4,0.000098,4,0.000183,5,0.000089
ER_10_0.50_22.al,3,0.000088,3,0.000141,4,0.000079
ER_10_0.50_23.al,4,0.000094,4,0.000165,4,0.000080
ER_10_0.50_24.al,4,0.000101,4,0.000195,4,0.000088
ER_10_0.50_25.al,4,0.000099,4,0.002069,5,0.000089
ER_10_0.50_26.al,4,0.000098,4,0.000201,4,0.000085
ER_10_0.50_27.al,4,0.000089,4,0.000995,4,0.000078
ER_10_0.50_28.al,4,0.000102,4,0.000191,5,0.000089
ER_10_0.50_29.al,4,0.000093,4,0.000144,4,0.000079
ER_10_0.50_2.al,5,0.000110,5,0.000225,6,0.000098
ER_10_0.50_30.al,6,0.000112,6,0.000229,6,0.000121
ER_10_0.50_31.al,4,0.000098,4,0.000192,5,0.000091
ER_10_0.50_32.al,5,0.000129,5,0.000224,5,0.000094
ER_10_0.50_33.al,4,0.000206,4,0.000172,4,0.000082
ER_10_0.50_34.al,4,0.000103,4,0.000226,5,0.000091
ER_10_0.50_35.al,4,0.000103,4,0.000199,5,0.000088
ER_10_0.50_36.al,4,0.000093,4,0.000184,4,0.000108
ER_10_0.50_37.al,4,0.000101,4,0.000204,4,0.000085
ER_10_0.50_38.al,4,0.000092,4,0.000187,4,0.000080
ER_10_0.50_39.al,4,0.000104,4,0.000202,5,0.000093
ER_10_0.50_3.al,4,0.000095,4,0.001215,4,0.000086
ER_10_0.50_40.al,5,0.000110,5,0.000221,6,0.000103
ER_10_0.50_41.al,4,0.000099,4,0.000199,6,0.000091
ER_10_0.50_42.al,4,0.000117,4,0.000193,5,0.000088
ER_10_0.50_43.al,2,0.000080,2,0.000120,2,0.000066
ER_10_0.50_44.al,4,0.000100,4,0.000181,5,0.000087
ER_10_0.50_45.al,4,0.000094,4,0.000171,5,0.000086
ER_10_0.50_46.al,5,0.000107,5,0.001069,7,0.000100
ER_10_0.50_47.al,4,0.000117,4,0.001168,4,0.000086
ER_10_0.50_48.al,3,0.000095,3,0.000162,5,0.000082
ER_10_0.50_49.al,5,0.000109,5,0.000213,6,0.000104
ER_10_0.50_4.al,3,0.000129,3,0.000164,3,0.000075
ER_10_0.50_50.al,4,0.000088,4,0.000157,4,0.000077
ER_10_0.50_51.al,3,0.000093,3,0.000155,4,0.000078
ER_10_0.50_52.al,5,0.000102,5,0.000189,6,0.000090
ER_10_0.50_53.al,5,0.000102,5,0.000174,5,0.000096
ER_10_0.50_54.al,5,0.000105,5,0.000206,5,0.000095
ER_10_0.50_55.al,4,0.000117,4,0.001083,5,0.000091
ER_10_0.50_56.al,5,0.000106,5,0.000199,5,0.000091
ER_10_0.50_57.al,4,0.000100,4,0.000200,6,0.000095
ER_10_0.50_58.al,5,0.000125,5,0.000190,5,0.000140
ER_10_0.50_59.al,5,0.000107,5,0.000206,5,0.000116
ER_10_0.50_5.al,6,0.000123,6,0.000242,8,0.000109
ER_10_0.50_60.al,4,0.000112,4,0.000173,5,0.000083
ER_10_0.50_61.al,4,0.000120,4,0.000171,5,0.000084
ER_10_0.50_62.al,4,0.000093,4,0.000174,4,0.000080
ER_10_0.50_63.al,4,0.000095,4,0.000185,5,0.000084
ER_10_0.50_64.al,5,0.000101,5,0.000216,5,0.000089
ER_10_0.50_65.al,4,0.000112,4,0.000178,4,0.000083
ER_10_0.50_66.al,3,0.000093,3,0.000146,4,0.000080
ER_10_0.50_67.al,5,0.000102,5,0.000214,5,0.000088
ER_10_0.50_68.al,4,0.000126,4,0.000190,6,0.000095
ER_10_0.50_69.al,5,0.000103,5,0.000215,5,0.000108
ER_10_0.50_6.al,4,0.000098,4,0.000183,4,0.000085
ER_10_0.50_70.al,4,0.000101,4,0.000195,5,0.000091
ER_10_0.50_71.al,5,0.000104,5,0.000225,6,0.000103
ER_10_0.50_72.al,4,0.000099,4,0.000181,5,0.000100
ER_10_0.50_73.al,6,0.000112,6,0.000202,6,0.000101
ER_10_0.50_74.al,4,0.000102,4,0.000201,5,0.000089
ER_10_0.50_75.al,5,0.000110,4,0.000249,5,0.000088
ER_10_0.50_76.al,4,0.000090,4,0.000173,5,0.000080
ER_10_0.50_77.al,3,0.000087,3,0.000146,4,0.000098
ER_10_0.50_78.al,5,0.000120,5,0.000198,5,0.000086
ER_10_0.50_79.al,4,0.000097,4,0.000176,4,0.000084
ER_10_0.50_7.al,5,0.000103,5,0.000189,5,0.000091
ER_10_0.50_80.al,3,0.000090,3,0.000190,3,0.000077
ER_10_0.50_81.al,2,0.000082,2,0.000125,2,0.000067
ER_10_0.50_82.al,4,0.000098,4,0.000231,5,0.000093
ER_10_0.50_83.al,4,0.000095,4,0.000133,4,0.000081
ER_10_0.50_84.al,5,0.000112,5,0.000199,5,0.000094
ER_10_0.50_85.al,5,0.000103,5,0.000238,5,0.000091
ER_10_0.50_86.al,5,0.000114,5,0.000200,6,0.000099
ER_10_0.50_87.al,5,0.000113,5,0.000206,6,0.000107
ER_10_0.50_88.al,5,0.000100,4,0.000217,5,0.000090
ER_10_0.50_89.al,4,0.000094,4,0.000153,4,0.000081
ER_10_0.50_8.al,4,0.000105,4,0.000186,5,0.000091
ER_10_0.50_90.al,3,0.000090,3,0.000148,4,0.000089
ER_10_0.50_91.al,4,0.000154,4,0.000378,4,0.000119
ER_10_0.50_92.al,4,0.000106,4,0.000251,6,0.000108
ER_10_0.50_93.al,5,0.000100,4,0.000205,6,0.000111
ER_10_0.50_94.al,4,0.000100,4,0.000195,5,0.000087
ER_10_0.50_95.al,4,0.000096,4,0.000179,4,0.000098
ER_10_0.50_96.al,4,0.000094,4,0.000226,4,0.000083
ER_10_0.50_97.al,4,0.000100,4,0.000179,4,0.000084
ER_10_0.50_98.al,5,0.000113,4,0.000229,5,0.000103
ER_10_0.50_99.al,3,0.000089,3,0.000160,4,0.000078
ER_10_0.50_9.al,4,0.000096,4,0.000180,4,0.000086
ER_10_0.75_0.al,6,0.000120,6,0.000209,6,0.000106
ER_10_0.75_10.al,6,0.000140,6,0.000237,7,0.000113
ER_10_0.75_11.al,6,0.000122,6,0.000212,7,0.000112
ER_10_0.75_12.al,6,0.000140,6,0.000248,7,0.000125
ER_10_0.75_13.al,7,0.000119,7,0.000254,7,0.000112
ER_10_0.75_14.al,7,0.000123,7,0.000226,7,0.000158
ER_10_0.75_15.al,5,0.000117,5,0.000200,5,0.000102
ER_10_0.75_16.al,7,0.000124,6,0.000245,7,0.000130
ER_10_0.75_17.al,6,0.000130,6,0.000224,7,0.000110
ER_10_0.75_18.al,6,0.000121,6,0.000198,7,0.000110
ER_10_0.75_19.al,7,0.000124,7,0.000243,7,0.000116
ER_10_0.75_1.al,6,0.000117,6,0.000208,6,0.000127
ER_10_0.75_20.al,5,0.000112,5,0.000192,5,0.000099
ER_10_0.75_21.al,5,0.000109,5,0.000228,6,0.000098
ER_10_0.75_22.al,6,0.000121,6,0.000219,8,0.000113
ER_10_0.75_23.al,7,0.000124,6,0.000232,7,0.000168
ER_10_0.75_24.al,7,0.000126,7,0.000223,8,0.000117
ER_10_0.75_25.al,7,0.000123,7,0.000236,7,0.000109
ER_10_0.75_26.al,6,0.000120,6,0.000234,8,0.000113
ER_10_0.75_27.al,7,0.000121,7,0.000238,8,0.000142
ER_10_0.75_28.al,6,0.000121,6,0.000241,7,0.000111
ER_10_0.75_29.al,6,0.000117,6,0.000226,6,0.000104
ER_10_0.75_2.al,6,0.000113,6,0.000239,6,0.000099
ER_10_0.75_30.al,7,0.000128,7,0.000225,8,0.000114
ER_10_0.75_31.al,7,0.000123,7,0.000235,7,0.000112
ER_10_0.75_32.al,6,0.000115,6,0.000175,6,0.000103
ER_10_0.75_33.al,7,0.000132,7,0.000217,7,0.000121
ER_10_0.75_34.al,5,0.000110,5,0.000215,5,0.000100
ER_10_0.75_35.al,6,0.000140,6,0.000266,7,0.000110
ER_10_0.75_36.al,7,0.000147,7,0.000226,7,0.000113
ER_10_0.75_37.al,6,0.000122,6,0.000209,6,0.000126
ER_10_0.75_38.al,6,0.000119,6,0.000223,6,0.000109
ER_10_0.75_39.al,6,0.000137,6,0.000248,8,0.000109
ER_10_0.75_3.al,7,0.000121,7,0.000206,7,0.000111
ER_10_0.75_40.al,5,0.000124,5,0.000845,5,0.000112
ER_10_0.75_41.al,6,0.000121,6,0.000236,7,0.000119
ER_10_0.75_42.al,7,0.000126,7,0.000216,8,0.000137
ER_10_0.75_43.al,6,0.000115,6,0.000214,6,0.000102
ER_10_0.75_44.al,7,0.000132,7,0.000220,7,0.000122
ER_10_0.75_45.al,6,0.000114,6,0.000232,6,0.000102
ER_10_0.75_46.al,7,0.000120,7,0.000226,7,0.000147
ER_10_0.75_47.al,7,0.000122,7,0.000220,7,0.000114
ER_10_0.75_48.al,6,0.000115,6,0.000195,6,0.000104
ER_10_0.75_49.al,6,0.000116,6,0.000227,6,0.000099
ER_10_0.75_4.al,6,0.000123,6,0.000189,6,0.000109
ER_10_0.75_50.al,6,0.000119,6,0.000183,6,0.000127
ER_10_0.75_51.al,7,0.000124,6,0.000216,6,0.000109
ER_10_0.75_52.al,5,0.000108,5,0.000196,5,0.000094
ER_10_0.75_53.al,6,0.000134,6,0.000204,7,0.000111
ER_10_0.75_54.al,7,0.000139,7,0.000189,7,0.000109
ER_10_0.75_55.al,7,0.000116,7,0.000194,7,0.000105
ER_10_0.75_56.al,7,0.000117,7,0.000264,8,0.000120
ER_10_0.75_57.al,6,0.000125,6,0.000226,7,0.000107
ER_10_0.75_58.al,6,0.000122,6,0.000245,7,0.000109
ER_10_0.75_59.al,5,0.000117,5,0.000226,5,0.000100
ER_10_0.75_5.al,5,0.000111,5,0.000192,6,0.000101
ER_10_0.75_60.al,7,0.000126,7,0.000196,7,0.000110
ER_10_0.75_61.al,5,0.000102,5,0.000177,5,0.000093
ER_10_0.75_62.al,7,0.000143,7,0.000231,7,0.000124
ER_10_0.75_63.al,6,0.000117,6,0.000200,6,0.000125
ER_10_0.75_64.al,6,0.000121,6,0.000243,8,0.000115
ER_10_0.75_65.al,6,0.000113,5,0.000220,6,0.000102
ER_10_0.75_66.al,6,0.000111,6,0.000232,6,0.000100
ER_10_0.75_67.al,5,0.000117,5,0.000244,6,0.000113
ER_10_0.75_68.al,5,0.000109,5,0.000223,6,0.000101
ER_10_0.75_69.al,7,0.000132,7,0.000224,7,0.000140
ER_10_0.75_6.al,6,0.000113,6,0.000251,6,0.000105
ER_10_0.75_70.al,7,0.000123,7,0.000209,8,0.000116
ER_10_0.75_71.al,6,0.000115,6,0.000213,6,0.000104
ER_10_0.75_72.al,7,0.000126,7,0.000227,8,0.000150
ER_10_0.75_73.al,7,0.000177,7,0.000215,7,0.000113
ER_10_0.75_74.al,6,0.000117,6,0.000202,6,0.000103
ER_10_0.75_75.al,6,0.000114,6,0.000216,6,0.000102
ER_10_0.75_76.al,7,0.000139,6,0.000217,6,0.000115
ER_10_0.75_77.al,7,0.000126,7,0.000252,7,0.000236
ER_10_0.75_78.al,7,0.000123,7,0.000189,8,0.000116
ER_10_0.75_79.al,6,0.000125,6,0.000226,6,0.000111
ER_10_0.75_7.al,6,0.000122,6,0.000207,7,0.000111
ER_10_0.75_80.al,7,0.000121,7,0.000221,7,0.000114
ER_10_0.75_81.al,7,0.000128,7,0.000211,7,0.000115
ER_10_0.75_82.al,6,0.000115,6,0.000233,7,0.000104
ER_10_0.75_83.al,7,0.000146,7,0.000222,7,0.000240
ER_10_0.75_84.al,6,0.000145,6,0.000261,7,0.000114
ER_10_0.75_85.al,6,0.000109,6,0.000212,6,0.000109
ER_10_0.75_86.al,5,0.000110,5,0.000223,6,0.000104
ER_10_0.75_87.al,7,0.000119,7,0.000204,7,0.000113
ER_10_0.75_88.al,6,0.000131,6,0.000212,7,0.000108
ER_10_0.75_89.al,5,0.000110,5,0.000182,5,0.000112
ER_10_0.75_8.al,6,0.000121,6,0.000237,6,0.000109
ER_10_0.75_90.al,6,0.000117,6,0.000227,7,0.000106
ER_10_0.75_91.al,6,0.000113,6,0.000217,7,0.000107
ER_10_0.75_92.al,5,0.000113,5,0.000232,6,0.000102
ER_10_0.75_93.al,7,0.000121,7,0.000201,7,0.000117
ER_10_0.75_94.al,7,0.000142,7,0.000212,7,0.000111
ER_10_0.75_95.al,6,0.000119,6,0.000201,7,0.000110
ER_10_0.75_96.al,6,0.000122,6,0.000192,6,0.000104
ER_10_0.75_97.al,6,0.000122,6,0.000203,7,0.000110
ER_10_0.75_98.al,6,0.000118,6,0.000239,6,0.000108
ER_10_0.75_99.al,5,0.000134,5,0.000203,5,0.000101ER_1000_0.25_0.al,959,1.364656,951,15.188098,974,2.227090
ER_1000_0.25_10.al,957,1.389474,956,11.742356,973,2.287408
ER_1000_0.25_11.al,958,1.362608,956,12.148584,974,2.263636
ER_1000_0.25_12.al,956,1.414960,953,10.958384,976,2.334276
ER_1000_0.25_13.al,960,1.366216,956,10.892276,974,2.278088
ER_1000_0.25_14.al,957,1.351472,956,10.761944,978,2.250200
ER_1000_0.25_15.al,958,1.402160,954,11.662064,974,2.279424
ER_1000_0.25_16.al,956,1.392496,957,11.870304,976,2.225680
ER_1000_0.25_17.al,954,1.401096,957,11.391456,975,2.245248
ER_1000_0.25_18.al,956,1.347424,955,12.047008,972,2.267552
ER_1000_0.25_19.al,960,1.366288,953,12.021136,972,2.275728
ER_1000_0.25_1.al,957,1.389296,955,11.457712,974,2.269808
ER_1000_0.25_20.al,957,1.381792,957,11.286624,974,2.302160
ER_1000_0.25_21.al,956,1.422320,956,11.082560,975,2.277856
ER_1000_0.25_22.al,958,1.374960,954,11.771680,974,2.247104
ER_1000_0.25_23.al,957,1.377296,953,11.103712,972,2.268800
ER_1000_0.25_24.al,956,1.399824,956,11.602800,975,2.254256
ER_1000_0.25_25.al,958,1.371296,956,11.218064,974,2.269984
ER_1000_0.25_26.al,959,1.375904,954,11.076224,975,2.267296
ER_1000_0.25_27.al,959,1.387840,956,11.770336,977,2.284992
ER_1000_0.25_28.al,960,1.385120,955,11.587296,974,2.249504
ER_1000_0.25_29.al,959,1.360448,954,10.751488,975,2.236192
ER_1000_0.25_2.al,957,1.365632,956,11.162784,975,2.239680
ER_1000_0.25_30.al,959,1.369408,952,12.528512,973,2.248256
ER_1000_0.25_31.al,960,1.367488,953,14.154560,976,2.325600
ER_1000_0.25_32.al,958,1.384960,952,12.400160,976,2.246944
ER_1000_0.25_33.al,956,1.394848,957,12.420064,977,2.224480
ER_1000_0.25_34.al,959,1.377280,958,12.464032,979,2.217920
ER_1000_0.25_35.al,957,1.388896,955,10.755392,978,2.260992
ER_1000_0.25_36.al,957,1.377600,956,11.255008,975,2.205120
ER_1000_0.25_37.al,957,1.367680,954,11.249568,976,2.220832
ER_1000_0.25_38.al,955,1.366912,955,12.223616,973,2.252864
ER_1000_0.25_39.al,960,1.363872,957,10.919904,975,2.210528
ER_1000_0.25_3.al,960,1.387552,953,11.829152,976,2.262752
ER_1000_0.25_40.al,959,1.384448,956,11.846944,973,2.261632
ER_1000_0.25_41.al,957,1.385984,957,12.559552,975,2.248512
ER_1000_0.25_42.al,958,1.379840,955,11.539520,975,2.296704
ER_1000_0.25_43.al,957,1.368960,953,10.806656,974,2.235392
ER_1000_0.25_44.al,955,1.398336,954,10.692608,975,2.266880
ER_1000_0.25_45.al,956,1.411840,957,12.305792,975,2.255552
ER_1000_0.25_46.al,956,1.380288,953,11.268928,975,2.229952
ER_1000_0.25_47.al,960,1.368448,957,11.178688,977,2.238912
ER_1000_0.25_48.al,955,1.408640,955,11.639552,973,2.238720
ER_1000_0.25_49.al,959,1.355520,955,12.691840,974,2.279168
ER_1000_0.25_4.al,957,1.362688,956,11.144768,975,2.234688
ER_1000_0.25_50.al,958,1.371072,957,11.737408,977,2.240896
ER_1000_0.25_51.al,957,1.358144,952,11.646784,974,2.230976
ER_1000_0.25_52.al,953,1.417216,956,12.007488,975,2.239104
ER_1000_0.25_53.al,956,1.379072,955,11.465536,976,2.250048
ER_1000_0.25_54.al,957,1.387584,956,11.285568,978,2.284032
ER_1000_0.25_55.al,959,1.366016,956,10.813312,975,2.258048
ER_1000_0.25_56.al,959,1.376320,953,10.827200,977,2.236608
ER_1000_0.25_57.al,957,1.373696,951,11.192128,975,2.258624
ER_1000_0.25_58.al,956,1.404416,957,10.870400,975,2.196160
ER_1000_0.25_59.al,958,1.396736,955,10.928832,976,2.266048
ER_1000_0.25_5.al,958,1.393472,956,10.908608,973,2.262656
ER_1000_0.25_60.al,959,1.379520,955,13.677056,974,2.261888
ER_1000_0.25_61.al,959,1.406272,954,12.479616,974,2.250176
ER_1000_0.25_62.al,957,1.405312,957,10.987648,977,2.259136
ER_1000_0.25_63.al,959,1.351808,953,11.362240,972,2.268736
ER_1000_0.25_64.al,957,1.398080,957,11.120192,973,2.246272
ER_1000_0.25_65.al,959,1.363904,955,11.132736,975,2.251584
ER_1000_0.25_66.al,957,1.385088,956,11.149312,975,2.274368
ER_1000_0.25_67.al,958,1.365376,956,10.541120,974,2.223488
ER_1000_0.25_68.al,960,1.351296,954,11.495296,971,2.274688
ER_1000_0.25_69.al,959,1.366528,955,11.022784,977,2.279552
ER_1000_0.25_6.al,960,1.376896,957,10.563328,973,2.232832
ER_1000_0.25_70.al,957,1.359040,954,11.313088,978,2.258048
ER_1000_0.25_71.al,957,1.359680,956,11.813696,974,2.225216
ER_1000_0.25_72.al,956,1.364160,955,12.081728,973,2.249536
ER_1000_0.25_73.al,955,1.383680,953,10.724288,973,2.203136
ER_1000_0.25_74.al,956,1.353984,957,11.785472,975,2.237184
ER_1000_0.25_75.al,955,1.361280,956,11.154816,974,2.271616
ER_1000_0.25_76.al,955,1.386880,956,11.364736,972,2.245248
ER_1000_0.25_77.al,956,1.394944,957,11.169280,972,2.252032
ER_1000_0.25_78.al,959,1.377536,955,11.304320,976,2.218240
ER_1000_0.25_79.al,959,1.367040,955,12.268544,973,2.234368
ER_1000_0.25_7.al,958,1.368704,954,10.862080,978,2.258816
ER_1000_0.25_80.al,957,1.382016,955,11.255040,977,2.262272
ER_1000_0.25_81.al,957,1.377536,954,10.502144,975,2.266496
ER_1000_0.25_82.al,956,1.402496,957,11.833600,977,2.247040
ER_1000_0.25_83.al,959,1.380096,953,11.965312,976,2.275200
ER_1000_0.25_84.al,959,1.352448,953,11.260800,975,2.260736
ER_1000_0.25_85.al,954,1.388544,954,11.472896,976,2.248192
ER_1000_0.25_86.al,957,1.356288,956,11.507840,975,2.268288
ER_1000_0.25_87.al,955,1.373312,955,12.003968,974,2.294400
ER_1000_0.25_88.al,957,1.375360,954,12.427520,975,2.246528
ER_1000_0.25_89.al,958,1.400320,957,10.895488,973,2.275712
ER_1000_0.25_8.al,958,1.406464,955,12.375296,974,2.310528
ER_1000_0.25_90.al,955,1.367552,954,10.695168,973,2.234880
ER_1000_0.25_91.al,955,1.363968,956,11.224832,974,2.269312
ER_1000_0.25_92.al,958,1.352320,956,13.178624,976,2.238976
ER_1000_0.25_93.al,957,1.396736,956,11.680640,973,2.243200
ER_1000_0.25_94.al,957,1.378048,954,13.622784,973,2.269824
ER_1000_0.25_95.al,958,1.371392,954,12.514944,974,2.258432
ER_1000_0.25_96.al,954,1.385984,955,11.602560,973,2.236416
ER_1000_0.25_97.al,958,1.412736,955,11.601920,975,2.241792
ER_1000_0.25_98.al,955,1.374336,953,11.468288,975,2.261760
ER_1000_0.25_99.al,958,1.358592,954,11.707264,971,2.262656
ER_1000_0.25_9.al,957,1.385216,957,11.869568,972,2.243456
ER_1000_0.50_0.al,980,1.389440,979,11.020672,987,2.310400
ER_1000_0.50_10.al,979,1.408000,978,11.302784,988,2.273280
ER_1000_0.50_11.al,980,1.401728,977,11.330048,988,2.265344
ER_1000_0.50_12.al,980,1.386368,978,10.744704,988,2.239616
ER_1000_0.50_13.al,980,1.399040,977,11.506176,989,2.299136
ER_1000_0.50_14.al,979,1.403520,978,11.053184,988,2.239872
ER_1000_0.50_15.al,980,1.397632,977,10.878848,988,2.286080
ER_1000_0.50_16.al,982,1.386496,978,11.133824,987,2.322176
ER_1000_0.50_17.al,980,1.400960,979,11.060864,986,2.259456
ER_1000_0.50_18.al,978,1.409152,979,10.956672,988,2.263552
ER_1000_0.50_19.al,981,1.382528,979,10.925312,989,2.278912
ER_1000_0.50_1.al,979,1.388032,979,10.818432,989,2.268800
ER_1000_0.50_20.al,980,1.383296,978,11.021056,988,2.306048
ER_1000_0.50_21.al,980,1.401088,978,11.129088,989,2.259712
ER_1000_0.50_22.al,981,1.383424,978,10.924672,989,2.257152
ER_1000_0.50_23.al,979,1.386880,979,11.020288,989,2.289536
ER_1000_0.50_24.al,981,1.391488,978,11.134720,989,2.286080
ER_1000_0.50_25.al,979,1.407872,979,10.876032,986,2.271104
ER_1000_0.50_26.al,979,1.440512,979,10.843264,988,2.270592
ER_1000_0.50_27.al,980,1.397120,979,11.024384,988,2.253696
ER_1000_0.50_28.al,980,1.393152,979,11.037696,990,2.328960
ER_1000_0.50_29.al,980,1.396352,978,11.200512,987,2.256768
ER_1000_0.50_2.al,978,1.393024,979,11.212288,989,2.310144
ER_1000_0.50_30.al,981,1.407616,978,10.869120,988,2.288896
ER_1000_0.50_31.al,979,1.377792,977,11.298304,988,2.290176
ER_1000_0.50_32.al,980,1.398016,979,11.082112,990,2.282240
ER_1000_0.50_33.al,979,1.383168,980,11.207296,988,2.274944
ER_1000_0.50_34.al,980,1.391616,977,11.085824,990,2.295040
ER_1000_0.50_35.al,980,1.377152,978,10.803456,988,2.272768
ER_1000_0.50_36.al,979,1.379584,977,10.916992,989,2.252288
ER_1000_0.50_37.al,980,1.398016,979,11.279616,988,2.294784
ER_1000_0.50_38.al,979,1.393024,980,10.879488,989,2.279168
ER_1000_0.50_39.al,979,1.410688,980,11.337856,991,2.300416
ER_1000_0.50_3.al,981,1.410304,979,10.916608,989,2.261504
ER_1000_0.50_40.al,979,1.415296,979,11.107072,988,2.318592
ER_1000_0.50_41.al,979,1.392896,979,10.952064,989,2.318848
ER_1000_0.50_42.al,980,1.404160,978,10.986752,990,2.280704
ER_1000_0.50_43.al,979,1.401728,978,11.002496,989,2.296192
ER_1000_0.50_44.al,979,1.411712,977,10.791552,990,2.289664
ER_1000_0.50_45.al,980,1.407872,978,10.840064,987,2.300800
ER_1000_0.50_46.al,980,1.383936,979,10.875008,989,2.289536
ER_1000_0.50_47.al,980,1.404416,980,11.029248,988,2.280704
ER_1000_0.50_48.al,980,1.404416,979,11.307648,988,2.297856
ER_1000_0.50_49.al,980,1.393920,976,10.782976,989,2.243840
ER_1000_0.50_4.al,981,1.399040,978,11.146752,987,2.358016
ER_1000_0.50_50.al,980,1.426944,979,10.940416,989,2.315264
ER_1000_0.50_51.al,978,1.397760,980,11.186944,990,2.268928
ER_1000_0.50_52.al,980,1.402624,979,11.074816,988,2.276608
ER_1000_0.50_53.al,981,1.393408,979,11.219712,988,2.248192
ER_1000_0.50_54.al,978,1.398784,978,11.016448,989,2.282240
ER_1000_0.50_55.al,979,1.401088,978,11.164672,988,2.276608
ER_1000_0.50_56.al,980,1.394688,978,10.944768,988,2.260480
ER_1000_0.50_57.al,980,1.394944,979,10.988544,986,2.249984
ER_1000_0.50_58.al,980,1.400576,978,11.124736,989,2.252032
ER_1000_0.50_59.al,979,1.413888,978,11.152384,989,2.280192
ER_1000_0.50_5.al,981,1.389568,977,10.917120,987,2.273536
ER_1000_0.50_60.al,978,1.390848,978,12.433152,988,2.293504
ER_1000_0.50_61.al,980,1.414656,980,11.114240,989,2.226944
ER_1000_0.50_62.al,980,1.394176,977,11.076864,989,2.304768
ER_1000_0.50_63.al,981,1.382144,979,10.952960,989,2.276096
ER_1000_0.50_64.al,980,1.369856,980,10.999552,987,2.275584
ER_1000_0.50_65.al,980,1.401344,977,10.881024,988,2.288640
ER_1000_0.50_66.al,981,1.389568,978,10.965248,989,2.312448
ER_1000_0.50_67.al,981,1.396736,979,10.916608,989,2.296064
ER_1000_0.50_68.al,981,1.384192,978,10.822912,987,2.277632
ER_1000_0.50_69.al,982,1.380608,977,10.963712,990,2.268160
ER_1000_0.50_6.al,980,1.388288,979,10.874112,988,2.285056
ER_1000_0.50_70.al,981,1.386752,977,11.004416,990,2.303744
ER_1000_0.50_71.al,981,1.400064,978,10.941696,990,2.312704
ER_1000_0.50_72.al,979,1.404416,980,11.073792,989,2.284032
ER_1000_0.50_73.al,979,1.384192,979,11.154432,988,2.266624
ER_1000_0.50_74.al,980,1.389312,980,11.017728,987,2.274560
ER_1000_0.50_75.al,980,1.391872,978,11.040000,988,2.310912
ER_1000_0.50_76.al,980,1.400064,979,11.055360,987,2.284032
ER_1000_0.50_77.al,980,1.388800,978,11.832064,987,2.291968
ER_1000_0.50_78.al,979,1.386496,978,11.127040,987,2.294784
ER_1000_0.50_79.al,979,1.382656,978,10.923776,988,2.277376
ER_1000_0.50_7.al,981,1.377280,980,10.868736,989,2.300160
ER_1000_0.50_80.al,980,1.394432,977,10.988800,990,2.380288
ER_1000_0.50_81.al,979,1.404416,979,10.973696,989,2.256128
ER_1000_0.50_82.al,981,1.383680,979,11.239680,987,2.268160
ER_1000_0.50_83.al,979,1.385984,979,11.199488,988,2.306816
ER_1000_0.50_84.al,979,1.391104,978,10.772480,990,2.252032
ER_1000_0.50_85.al,978,1.401856,979,11.156224,989,2.274560
ER_1000_0.50_86.al,978,1.392896,978,10.804736,987,2.268416
ER_1000_0.50_87.al,979,1.395712,978,10.936576,988,2.253312
ER_1000_0.50_88.al,978,1.395456,979,10.953728,988,2.261504
ER_1000_0.50_89.al,979,1.390336,978,11.070720,988,2.284544
ER_1000_0.50_8.al,980,1.401344,980,10.862336,988,2.281728
ER_1000_0.50_90.al,980,1.387008,979,11.223808,988,2.273536
ER_1000_0.50_91.al,981,1.393408,979,11.061248,988,2.294528
ER_1000_0.50_92.al,980,1.391872,980,10.960640,988,2.292480
ER_1000_0.50_93.al,979,1.406208,978,11.074816,989,2.307328
ER_1000_0.50_94.al,980,1.384192,977,11.226880,990,2.331648
ER_1000_0.50_95.al,980,1.395456,979,10.894592,988,2.267904
ER_1000_0.50_96.al,979,1.408000,978,11.182848,986,2.284032
ER_1000_0.50_97.al,980,1.417216,979,10.776832,988,2.264576
ER_1000_0.50_98.al,981,1.399808,977,11.155456,991,2.229248
ER_1000_0.50_99.al,979,1.386240,979,11.161600,987,2.226688
ER_1000_0.50_9.al,979,1.421824,980,11.829760,989,2.255616
ER_1000_0.75_0.al,988,1.384448,988,9.481216,993,2.296064
ER_1000_0.75_10.al,989,1.409536,988,9.446400,993,2.312192
ER_1000_0.75_11.al,989,1.402880,988,9.436416,994,2.312192
ER_1000_0.75_12.al,989,1.385728,988,9.438720,993,2.300928
ER_1000_0.75_13.al,988,1.401344,987,9.482240,994,2.312704
ER_1000_0.75_14.al,989,1.389056,987,8.672768,994,2.321408
ER_1000_0.75_15.al,989,1.379840,989,8.748800,992,2.373888
ER_1000_0.75_16.al,989,1.420800,988,8.671232,993,2.288640
ER_1000_0.75_17.al,988,1.376512,987,8.703232,993,2.250496
ER_1000_0.75_18.al,988,1.381888,989,8.654336,994,2.289664
ER_1000_0.75_19.al,988,1.381632,988,8.673280,994,2.290944
ER_1000_0.75_1.al,989,1.392128,989,8.729856,993,2.296576
ER_1000_0.75_20.al,988,1.377536,987,8.738816,994,2.373632
ER_1000_0.75_21.al,988,1.395200,988,8.685312,994,2.294528
ER_1000_0.75_22.al,989,1.389568,989,8.615680,993,2.294016
ER_1000_0.75_23.al,989,1.402624,989,8.746752,995,2.292480
ER_1000_0.75_24.al,988,1.390080,988,8.890112,993,2.332416
ER_1000_0.75_25.al,988,1.386752,988,8.721152,994,2.302976
ER_1000_0.75_26.al,989,1.394176,989,9.458688,993,2.298112
ER_1000_0.75_27.al,989,1.385216,987,9.403392,994,2.256128
ER_1000_0.75_28.al,989,1.394432,987,9.430784,994,2.307072
ER_1000_0.75_29.al,989,1.391616,989,9.532928,993,2.306816
ER_1000_0.75_2.al,988,1.382656,988,8.703232,993,2.333184
ER_1000_0.75_30.al,989,1.387008,989,8.661248,994,2.287360
ER_1000_0.75_31.al,989,1.388800,989,8.602880,993,2.326016
ER_1000_0.75_32.al,988,1.390848,988,8.630528,993,2.288640
ER_1000_0.75_33.al,989,1.375488,988,8.623872,994,2.318336
ER_1000_0.75_34.al,990,1.385728,989,9.425664,994,2.295552
ER_1000_0.75_35.al,990,1.382144,987,8.658176,993,2.311168
ER_1000_0.75_36.al,988,1.382912,988,8.645632,994,2.306560
ER_1000_0.75_37.al,989,1.385216,988,8.672000,994,2.337280
ER_1000_0.75_38.al,988,1.394432,988,8.603648,994,2.320384
ER_1000_0.75_39.al,989,1.377536,988,8.641536,994,2.265856
ER_1000_0.75_3.al,989,1.376768,988,8.664320,994,2.307584
ER_1000_0.75_40.al,988,1.391104,989,8.715520,995,2.324992
ER_1000_0.75_41.al,989,1.387264,988,8.859648,993,2.335232
ER_1000_0.75_42.al,988,1.380352,988,8.631040,994,2.298368
ER_1000_0.75_43.al,988,1.382656,988,8.734720,994,2.334720
ER_1000_0.75_44.al,988,1.395968,988,8.622080,994,2.306560
ER_1000_0.75_45.al,988,1.376512,988,8.696064,993,2.258944
ER_1000_0.75_46.al,989,1.383680,987,8.721920,994,2.295552
ER_1000_0.75_47.al,989,1.402112,988,8.721152,992,2.285824
ER_1000_0.75_48.al,988,1.388800,988,8.624128,994,2.319872
ER_1000_0.75_49.al,989,1.384448,988,8.715264,994,2.301952
ER_1000_0.75_4.al,989,1.380096,988,8.706304,994,2.331392
ER_1000_0.75_50.al,989,1.398784,988,8.614144,994,2.296320
ER_1000_0.75_51.al,989,1.385728,988,8.706816,994,2.300160
ER_1000_0.75_52.al,988,1.396224,988,8.715520,994,2.333952
ER_1000_0.75_53.al,989,1.380864,987,8.638976,994,2.268928
ER_1000_0.75_54.al,989,1.370880,988,8.665344,994,2.305536
ER_1000_0.75_55.al,989,1.429504,988,8.680960,993,2.330368
ER_1000_0.75_56.al,990,1.375232,988,8.663296,992,2.283776
ER_1000_0.75_57.al,989,1.395456,989,8.637952,995,2.323200
ER_1000_0.75_58.al,989,1.393408,988,8.646912,995,2.326528
ER_1000_0.75_59.al,989,1.383936,987,8.631040,993,2.303488
ER_1000_0.75_5.al,989,1.381888,989,8.597760,994,2.275584
ER_1000_0.75_60.al,988,1.398016,988,8.682496,995,2.289664
ER_1000_0.75_61.al,988,1.396224,988,8.621056,994,2.290944
ER_1000_0.75_62.al,990,1.379840,988,8.634624,995,2.350848
ER_1000_0.75_63.al,989,1.390592,988,8.704256,994,2.300416
ER_1000_0.75_64.al,989,1.379840,989,8.641024,993,2.293248
ER_1000_0.75_65.al,989,1.392384,989,8.708608,994,2.334720
ER_1000_0.75_66.al,988,1.395200,988,8.614400,995,2.319616
ER_1000_0.75_67.al,990,1.374464,988,8.615168,994,2.291712
ER_1000_0.75_68.al,989,1.392384,988,8.791296,994,2.298624
ER_1000_0.75_69.al,988,1.393920,988,8.655616,994,2.278400
ER_1000_0.75_6.al,989,1.381888,988,8.666880,994,2.297088
ER_1000_0.75_70.al,988,1.387520,988,8.775680,994,2.296320
ER_1000_0.75_71.al,988,1.392640,989,8.693248,994,2.304512
ER_1000_0.75_72.al,989,1.380608,989,8.673280,993,2.320640
ER_1000_0.75_73.al,989,1.377024,988,8.698368,992,2.296064
ER_1000_0.75_74.al,989,1.390336,987,8.779264,994,2.315008
ER_1000_0.75_75.al,989,1.387008,988,8.660736,994,2.279680
ER_1000_0.75_76.al,988,1.385472,988,8.716288,994,2.285312
ER_1000_0.75_77.al,988,1.372672,988,8.654848,993,2.288640
ER_1000_0.75_78.al,989,1.377280,988,8.627456,992,2.309120
ER_1000_0.75_79.al,988,1.383936,988,8.709632,994,2.270464
ER_1000_0.75_7.al,988,1.371904,988,8.745472,994,2.298624
ER_1000_0.75_80.al,988,1.402112,989,8.688384,995,2.332928
ER_1000_0.75_81.al,988,1.413632,989,8.723200,994,2.294784
ER_1000_0.75_82.al,988,1.380352,989,8.722944,995,2.315520
ER_1000_0.75_83.al,989,1.380096,987,8.696320,994,2.308352
ER_1000_0.75_84.al,987,1.385984,988,8.648448,994,2.320384
ER_1000_0.75_85.al,988,1.375488,988,8.682496,993,2.290176
ER_1000_0.75_86.al,989,1.397504,989,8.747008,994,2.275072
ER_1000_0.75_87.al,989,1.401856,988,8.640768,995,2.357760
ER_1000_0.75_88.al,987,1.393664,987,8.672512,993,2.317056
ER_1000_0.75_89.al,988,1.382912,989,8.661248,993,2.283264
ER_1000_0.75_8.al,989,1.387008,988,8.744704,994,2.294528
ER_1000_0.75_90.al,990,1.381632,989,8.673280,994,2.302208
ER_1000_0.75_91.al,988,1.385216,989,8.716032,992,2.355968
ER_1000_0.75_92.al,989,1.385984,987,8.695296,994,2.265600
ER_1000_0.75_93.al,989,1.393664,988,8.664576,994,2.258176
ER_1000_0.75_94.al,988,1.387776,989,8.850944,994,2.309632
ER_1000_0.75_95.al,988,1.369088,989,8.698880,994,2.284032
ER_1000_0.75_96.al,989,1.383936,989,8.631296,994,2.304256
ER_1000_0.75_97.al,989,1.373184,988,8.595712,993,2.326528
ER_1000_0.75_98.al,988,1.384448,988,8.714752,995,2.316800
ER_1000_0.75_99.al,989,1.390848,988,8.637184,995,2.302976
ER_1000_0.75_9.al,989,1.390848,989,8.635392,994,2.239232
ER_100_0.25_0.al,71,0.001280,69,0.005632,83,0.002048
ER_100_0.25_10.al,69,0.001280,70,0.006144,80,0.001792
ER_100_0.25_11.al,72,0.001280,71,0.006144,79,0.001792
ER_100_0.25_12.al,74,0.001280,71,0.006912,82,0.001792
ER_100_0.25_13.al,72,0.001280,71,0.006144,81,0.001792
ER_100_0.25_14.al,73,0.001280,72,0.006144,83,0.001792
ER_100_0.25_15.al,74,0.001280,74,0.006144,84,0.002048
ER_100_0.25_16.al,73,0.001280,73,0.005888,79,0.002048
ER_100_0.25_17.al,74,0.001280,74,0.006144,81,0.002048
ER_100_0.25_18.al,74,0.001280,71,0.005888,80,0.001792
ER_100_0.25_19.al,72,0.001280,72,0.006144,82,0.002048
ER_100_0.25_1.al,72,0.001280,71,0.006400,81,0.002048
ER_100_0.25_20.al,74,0.001280,73,0.006144,80,0.002304
ER_100_0.25_21.al,72,0.001280,71,0.006400,82,0.001792
ER_100_0.25_22.al,74,0.001280,75,0.006144,79,0.002048
ER_100_0.25_23.al,74,0.001280,74,0.006400,84,0.002048
ER_100_0.25_24.al,73,0.001536,72,0.006144,81,0.001792
ER_100_0.25_25.al,73,0.001280,71,0.007168,79,0.001792
ER_100_0.25_26.al,72,0.001536,74,0.006144,80,0.001792
ER_100_0.25_27.al,72,0.001536,72,0.006144,81,0.001792
ER_100_0.25_28.al,72,0.001536,72,0.006912,81,0.001792
ER_100_0.25_29.al,73,0.001280,72,0.005888,80,0.002048
ER_100_0.25_2.al,72,0.001536,73,0.006144,83,0.001792
ER_100_0.25_30.al,73,0.001280,71,0.005888,82,0.001792
ER_100_0.25_31.al,71,0.001280,71,0.005632,76,0.002048
ER_100_0.25_32.al,73,0.001280,71,0.005888,78,0.002048
ER_100_0.25_33.al,73,0.001280,72,0.006912,82,0.002048
ER_100_0.25_34.al,72,0.001280,72,0.006144,81,0.001792
ER_100_0.25_35.al,72,0.001280,72,0.005888,80,0.002048
ER_100_0.25_36.al,74,0.001280,72,0.006400,79,0.002048
ER_100_0.25_37.al,74,0.001280,72,0.006144,80,0.001792
ER_100_0.25_38.al,74,0.001280,71,0.005888,81,0.002048
ER_100_0.25_39.al,73,0.001280,72,0.006912,83,0.002048
ER_100_0.25_3.al,73,0.001536,72,0.005888,82,0.002048
ER_100_0.25_40.al,74,0.001280,72,0.006400,81,0.001792
ER_100_0.25_41.al,74,0.001280,74,0.006400,84,0.002048
ER_100_0.25_42.al,72,0.001024,71,0.006144,80,0.001792
ER_100_0.25_43.al,73,0.001280,71,0.005888,82,0.001792
ER_100_0.25_44.al,75,0.001536,74,0.006912,81,0.001792
ER_100_0.25_45.al,73,0.001280,70,0.006400,78,0.002816
ER_100_0.25_46.al,73,0.001280,72,0.006400,83,0.002048
ER_100_0.25_47.al,74,0.001024,71,0.006144,82,0.002048
ER_100_0.25_48.al,72,0.001280,71,0.005888,83,0.001792
ER_100_0.25_49.al,75,0.001536,73,0.006144,81,0.001792
ER_100_0.25_4.al,72,0.001280,72,0.006144,77,0.001792
ER_100_0.25_50.al,74,0.001280,73,0.006400,82,0.002304
ER_100_0.25_51.al,74,0.001536,73,0.005888,82,0.002048
ER_100_0.25_52.al,72,0.001280,72,0.005888,81,0.001792
ER_100_0.25_53.al,72,0.001280,74,0.006144,81,0.002048
ER_100_0.25_54.al,72,0.001280,72,0.006656,82,0.002048
ER_100_0.25_55.al,71,0.001024,71,0.005888,83,0.001792
ER_100_0.25_56.al,73,0.001280,73,0.006144,83,0.002048
ER_100_0.25_57.al,70,0.001280,71,0.005888,81,0.001792
ER_100_0.25_58.al,73,0.001280,72,0.006656,82,0.002048
ER_100_0.25_59.al,72,0.001280,71,0.005888,80,0.002048
ER_100_0.25_5.al,73,0.001280,72,0.006144,82,0.001792
ER_100_0.25_60.al,75,0.001536,75,0.006656,84,0.002048
ER_100_0.25_61.al,73,0.001280,70,0.006144,81,0.002048
ER_100_0.25_62.al,75,0.001536,76,0.006400,85,0.002048
ER_100_0.25_63.al,71,0.001280,70,0.006144,80,0.001792
ER_100_0.25_64.al,71,0.001280,72,0.005888,82,0.002048
ER_100_0.25_65.al,74,0.001536,70,0.006400,81,0.001792
ER_100_0.25_66.al,72,0.001280,72,0.006656,80,0.002048
ER_100_0.25_67.al,75,0.001536,73,0.006656,84,0.002048
ER_100_0.25_68.al,72,0.001536,71,0.005888,81,0.002048
ER_100_0.25_69.al,73,0.001792,72,0.006144,79,0.002048
ER_100_0.25_6.al,73,0.001280,72,0.006912,78,0.001792
ER_100_0.25_70.al,75,0.001280,72,0.006144,83,0.002048
ER_100_0.25_71.al,73,0.001792,72,0.007424,83,0.002048
ER_100_0.25_72.al,74,0.001280,73,0.006400,82,0.001792
ER_100_0.25_73.al,72,0.001280,70,0.005888,82,0.002048
ER_100_0.25_74.al,74,0.001536,73,0.006144,82,0.001792
ER_100_0.25_75.al,74,0.001536,74,0.006912,81,0.002048
ER_100_0.25_76.al,75,0.001280,73,0.006400,85,0.002048
ER_100_0.25_77.al,74,0.001280,73,0.006400,81,0.002048
ER_100_0.25_78.al,74,0.001536,72,0.006400,81,0.002048
ER_100_0.25_79.al,74,0.001280,71,0.006400,78,0.002048
ER_100_0.25_7.al,75,0.001536,75,0.006656,83,0.001792
ER_100_0.25_80.al,72,0.001280,73,0.006144,81,0.001792
ER_100_0.25_81.al,75,0.001280,75,0.006400,83,0.002304
ER_100_0.25_82.al,71,0.001280,72,0.006144,82,0.001792
ER_100_0.25_83.al,74,0.001280,71,0.006656,83,0.002304
ER_100_0.25_84.al,73,0.001536,72,0.005888,82,0.002048
ER_100_0.25_85.al,72,0.001536,74,0.006400,77,0.002048
ER_100_0.25_86.al,74,0.001280,74,0.006400,81,0.001792
ER_100_0.25_87.al,73,0.001280,73,0.006400,80,0.002048
ER_100_0.25_88.al,74,0.001280,73,0.006144,82,0.002048
ER_100_0.25_89.al,73,0.001280,72,0.006912,82,0.001792
ER_100_0.25_8.al,72,0.001280,72,0.006400,79,0.001792
ER_100_0.25_90.al,74,0.001280,74,0.006400,80,0.001792
ER_100_0.25_91.al,72,0.001280,72,0.006144,81,0.002048
ER_100_0.25_92.al,72,0.001280,72,0.006400,81,0.001792
ER_100_0.25_93.al,73,0.001280,72,0.006400,83,0.002048
ER_100_0.25_94.al,74,0.001280,74,0.006656,81,0.002048
ER_100_0.25_95.al,74,0.001536,73,0.006656,84,0.002048
ER_100_0.25_96.al,74,0.001280,71,0.006400,84,0.001792
ER_100_0.25_97.al,74,0.002304,71,0.006400,84,0.001792
ER_100_0.25_98.al,74,0.001280,73,0.006656,80,0.001792
ER_100_0.25_99.al,74,0.001280,71,0.006144,80,0.002048
ER_100_0.25_9.al,73,0.001536,72,0.006144,81,0.002048
ER_100_0.50_0.al,88,0.001792,86,0.009728,93,0.002304
ER_100_0.50_10.al,85,0.001792,85,0.009728,92,0.002048
ER_100_0.50_11.al,86,0.001536,85,0.009216,91,0.002048
ER_100_0.50_12.al,89,0.001536,87,0.008960,91,0.002304
ER_100_0.50_13.al,86,0.001536,86,0.009216,89,0.002048
ER_100_0.50_14.al,86,0.001792,85,0.009216,90,0.002304
ER_100_0.50_15.al,87,0.001536,85,0.008960,90,0.002304
ER_100_0.50_16.al,87,0.001536,85,0.009216,92,0.002304
ER_100_0.50_17.al,84,0.001792,83,0.008960,91,0.002304
ER_100_0.50_18.al,86,0.001792,86,0.008960,91,0.002304
ER_100_0.50_19.al,86,0.001792,86,0.010240,90,0.002048
ER_100_0.50_1.al,86,0.001536,86,0.010752,91,0.002304
ER_100_0.50_20.al,86,0.001536,85,0.009984,91,0.002304
ER_100_0.50_21.al,86,0.001792,86,0.009216,89,0.002048
ER_100_0.50_22.al,86,0.001536,85,0.008960,91,0.002304
ER_100_0.50_23.al,87,0.001792,85,0.010496,91,0.002304
ER_100_0.50_24.al,85,0.001792,86,0.009728,90,0.002304
ER_100_0.50_25.al,86,0.001792,85,0.008960,91,0.002304
ER_100_0.50_26.al,87,0.001536,87,0.009472,92,0.002304
ER_100_0.50_27.al,86,0.001536,86,0.009216,91,0.002304
ER_100_0.50_28.al,86,0.001792,85,0.008960,91,0.002048
ER_100_0.50_29.al,86,0.001792,85,0.009216,91,0.002048
ER_100_0.50_2.al,86,0.001792,86,0.009728,89,0.002304
ER_100_0.50_30.al,85,0.001536,85,0.008960,91,0.002304
ER_100_0.50_31.al,86,0.001792,84,0.009216,93,0.002048
ER_100_0.50_32.al,86,0.001792,85,0.009472,92,0.002048
ER_100_0.50_33.al,86,0.001536,85,0.009216,91,0.002304
ER_100_0.50_34.al,84,0.001792,84,0.008960,91,0.002304
ER_100_0.50_35.al,85,0.001536,85,0.008960,93,0.002048
ER_100_0.50_36.al,87,0.001792,86,0.009216,93,0.002048
ER_100_0.50_37.al,85,0.001792,85,0.009216,90,0.002048
ER_100_0.50_38.al,85,0.001536,86,0.009216,92,0.002304
ER_100_0.50_39.al,85,0.001792,85,0.008960,91,0.002304
ER_100_0.50_3.al,86,0.001536,86,0.009728,92,0.002304
ER_100_0.50_40.al,84,0.001792,85,0.009216,92,0.002304
ER_100_0.50_41.al,85,0.001792,85,0.009472,91,0.002304
ER_100_0.50_42.al,86,0.001792,85,0.008960,92,0.003072
ER_100_0.50_43.al,87,0.001536,86,0.009216,92,0.002304
ER_100_0.50_44.al,85,0.001536,86,0.009216,91,0.002048
ER_100_0.50_45.al,86,0.001792,85,0.008960,91,0.002304
ER_100_0.50_46.al,86,0.001536,84,0.008960,92,0.002048
ER_100_0.50_47.al,87,0.002048,86,0.008960,94,0.002048
ER_100_0.50_48.al,86,0.001792,85,0.009472,91,0.002304
ER_100_0.50_49.al,86,0.001792,86,0.009216,91,0.002304
ER_100_0.50_4.al,87,0.001792,87,0.011264,90,0.002304
ER_100_0.50_50.al,87,0.001792,86,0.009984,90,0.002048
ER_100_0.50_51.al,87,0.001536,86,0.009216,91,0.002304
ER_100_0.50_52.al,87,0.001792,86,0.008960,90,0.002304
ER_100_0.50_53.al,86,0.001792,85,0.009472,91,0.002304
ER_100_0.50_54.al,86,0.001792,86,0.009984,92,0.002304
ER_100_0.50_55.al,85,0.001536,85,0.009728,91,0.002048
ER_100_0.50_56.al,86,0.001792,86,0.008960,91,0.002304
ER_100_0.50_57.al,86,0.001536,85,0.008960,90,0.002304
ER_100_0.50_58.al,86,0.001792,86,0.009216,90,0.002304
ER_100_0.50_59.al,86,0.001536,85,0.009472,90,0.002304
ER_100_0.50_5.al,85,0.001536,85,0.009216,90,0.002304
ER_100_0.50_60.al,87,0.001536,85,0.009472,91,0.002048
ER_100_0.50_61.al,87,0.001792,86,0.009472,91,0.002048
ER_100_0.50_62.al,86,0.001536,86,0.010496,93,0.002048
ER_100_0.50_63.al,86,0.001536,85,0.008960,92,0.002304
ER_100_0.50_64.al,87,0.001792,85,0.008704,91,0.002304
ER_100_0.50_65.al,87,0.001536,85,0.008960,92,0.002304
ER_100_0.50_66.al,87,0.001792,87,0.009216,91,0.002048
ER_100_0.50_67.al,86,0.001792,84,0.009472,92,0.002304
ER_100_0.50_68.al,87,0.001536,86,0.008960,91,0.002560
ER_100_0.50_69.al,86,0.001536,85,0.008960,90,0.002304
ER_100_0.50_6.al,86,0.001536,85,0.009472,90,0.002048
ER_100_0.50_70.al,84,0.001536,85,0.009216,89,0.002048
ER_100_0.50_71.al,86,0.001536,85,0.008960,90,0.002304
ER_100_0.50_72.al,86,0.001792,85,0.008960,93,0.002048
ER_100_0.50_73.al,88,0.001792,86,0.009216,92,0.002304
ER_100_0.50_74.al,86,0.001792,85,0.008960,93,0.002048
ER_100_0.50_75.al,85,0.002048,84,0.009216,91,0.002048
ER_100_0.50_76.al,87,0.002048,85,0.008960,91,0.002304
ER_100_0.50_77.al,87,0.001792,86,0.009728,91,0.002048
ER_100_0.50_78.al,87,0.001536,84,0.008960,93,0.002304
ER_100_0.50_79.al,86,0.001792,87,0.009216,89,0.002048
ER_100_0.50_7.al,86,0.001536,86,0.009984,92,0.002048
ER_100_0.50_80.al,86,0.001536,85,0.009216,90,0.002304
ER_100_0.50_81.al,87,0.001536,84,0.008960,90,0.002560
ER_100_0.50_82.al,85,0.001792,85,0.008960,90,0.002304
ER_100_0.50_83.al,86,0.001792,87,0.009472,92,0.002304
ER_100_0.50_84.al,86,0.001536,86,0.009216,91,0.002048
ER_100_0.50_85.al,86,0.001536,86,0.009216,91,0.002304
ER_100_0.50_86.al,85,0.001792,85,0.008960,90,0.002048
ER_100_0.50_87.al,85,0.001536,84,0.008704,89,0.002304
ER_100_0.50_88.al,86,0.001792,86,0.009728,91,0.002304
ER_100_0.50_89.al,86,0.001792,85,0.009216,92,0.002048
ER_100_0.50_8.al,85,0.001536,87,0.009728,92,0.002048
ER_100_0.50_90.al,86,0.001536,86,0.009216,91,0.004096
ER_100_0.50_91.al,86,0.001792,86,0.009216,91,0.002816
ER_100_0.50_92.al,87,0.001792,86,0.008960,91,0.002304
ER_100_0.50_93.al,87,0.001792,84,0.008960,89,0.002048
ER_100_0.50_94.al,86,0.001792,85,0.009216,91,0.002304
ER_100_0.50_95.al,86,0.001792,85,0.008960,91,0.002304
ER_100_0.50_96.al,84,0.001792,85,0.009216,91,0.002048
ER_100_0.50_97.al,87,0.001536,85,0.010240,90,0.002048
ER_100_0.50_98.al,86,0.001536,86,0.009728,91,0.002048
ER_100_0.50_99.al,85,0.001792,86,0.009216,93,0.002048
ER_100_0.50_9.al,85,0.001536,85,0.009216,92,0.002304
ER_100_0.75_0.al,92,0.001792,92,0.008192,95,0.002560
ER_100_0.75_10.al,93,0.001792,91,0.008192,95,0.002048
ER_100_0.75_11.al,92,0.001536,92,0.008448,96,0.002304
ER_100_0.75_12.al,92,0.002048,91,0.008192,96,0.002304
ER_100_0.75_13.al,92,0.001792,91,0.008448,94,0.002304
ER_100_0.75_14.al,92,0.001792,92,0.010752,95,0.002048
ER_100_0.75_15.al,92,0.001792,91,0.008960,95,0.002048
ER_100_0.75_16.al,92,0.001792,92,0.008192,95,0.002304
ER_100_0.75_17.al,92,0.001792,92,0.008448,95,0.002304
ER_100_0.75_18.al,92,0.001792,91,0.008704,95,0.002048
ER_100_0.75_19.al,92,0.001792,91,0.009216,95,0.002304
ER_100_0.75_1.al,92,0.001792,91,0.008192,96,0.002304
ER_100_0.75_20.al,92,0.002304,91,0.007936,95,0.002304
ER_100_0.75_21.al,92,0.001792,91,0.008704,94,0.002304
ER_100_0.75_22.al,92,0.001792,92,0.009216,95,0.002304
ER_100_0.75_23.al,91,0.001536,92,0.008448,94,0.002304
ER_100_0.75_24.al,93,0.001792,92,0.008192,95,0.003328
ER_100_0.75_25.al,92,0.001792,92,0.008448,95,0.002304
ER_100_0.75_26.al,93,0.001792,92,0.008192,95,0.002048
ER_100_0.75_27.al,91,0.001792,91,0.008192,94,0.002304
ER_100_0.75_28.al,93,0.002048,91,0.008192,95,0.002560
ER_100_0.75_29.al,92,0.001792,91,0.009216,93,0.002048
ER_100_0.75_2.al,92,0.001792,91,0.008704,95,0.002304
ER_100_0.75_30.al,92,0.001792,92,0.008448,95,0.002304
ER_100_0.75_31.al,92,0.001792,92,0.008704,95,0.002304
ER_100_0.75_32.al,92,0.001536,92,0.008448,94,0.002304
ER_100_0.75_33.al,91,0.001536,91,0.008448,95,0.002304
ER_100_0.75_34.al,92,0.001792,92,0.008192,95,0.002304
ER_100_0.75_35.al,91,0.002048,91,0.008192,96,0.002304
ER_100_0.75_36.al,92,0.001792,92,0.007936,94,0.002304
ER_100_0.75_37.al,92,0.001792,92,0.008192,95,0.002304
ER_100_0.75_38.al,93,0.001792,92,0.008192,95,0.002304
ER_100_0.75_39.al,93,0.001792,92,0.008960,96,0.002304
ER_100_0.75_3.al,91,0.001792,91,0.007936,96,0.002304
ER_100_0.75_40.al,93,0.001792,92,0.008192,95,0.002304
ER_100_0.75_41.al,93,0.002048,92,0.008192,95,0.002304
ER_100_0.75_42.al,92,0.001792,91,0.008448,95,0.002304
ER_100_0.75_43.al,92,0.001792,91,0.008192,96,0.002304
ER_100_0.75_44.al,91,0.001792,91,0.008448,95,0.002560
ER_100_0.75_45.al,91,0.001792,91,0.008448,94,0.002304
ER_100_0.75_46.al,92,0.001792,92,0.008704,95,0.002304
ER_100_0.75_47.al,91,0.001792,92,0.008960,95,0.002304
ER_100_0.75_48.al,93,0.001536,92,0.008448,95,0.002304
ER_100_0.75_49.al,92,0.001792,91,0.008704,94,0.002304
ER_100_0.75_4.al,93,0.001792,92,0.008192,95,0.002304
ER_100_0.75_50.al,91,0.001792,91,0.008192,95,0.002304
ER_100_0.75_51.al,92,0.001792,92,0.008192,95,0.002304
ER_100_0.75_52.al,92,0.001792,92,0.008448,94,0.002304
ER_100_0.75_53.al,92,0.001792,92,0.008448,95,0.002560
ER_100_0.75_54.al,91,0.001792,92,0.008448,96,0.002304
ER_100_0.75_55.al,91,0.001792,91,0.008192,96,0.002304
ER_100_0.75_56.al,92,0.001792,92,0.008704,95,0.002304
ER_100_0.75_57.al,92,0.001792,92,0.008448,95,0.002304
ER_100_0.75_58.al,92,0.001792,92,0.008192,96,0.002304
ER_100_0.75_59.al,92,0.001792,91,0.008448,95,0.002304
ER_100_0.75_5.al,93,0.001536,92,0.008448,96,0.002304
ER_100_0.75_60.al,92,0.001792,91,0.008192,95,0.002560
ER_100_0.75_61.al,92,0.001536,91,0.008448,95,0.002560
ER_100_0.75_62.al,91,0.001536,92,0.008192,94,0.002304
ER_100_0.75_63.al,92,0.002048,93,0.008192,95,0.002304
ER_100_0.75_64.al,92,0.001792,91,0.008704,95,0.002304
ER_100_0.75_65.al,93,0.001792,91,0.008448,94,0.002304
ER_100_0.75_66.al,92,0.001792,91,0.009472,95,0.002304
ER_100_0.75_67.al,92,0.001536,92,0.008960,95,0.002560
ER_100_0.75_68.al,92,0.001792,92,0.008960,96,0.002048
ER_100_0.75_69.al,92,0.001792,91,0.008192,96,0.002304
ER_100_0.75_6.al,91,0.001792,91,0.008192,95,0.002560
ER_100_0.75_70.al,92,0.001792,92,0.008192,95,0.002048
ER_100_0.75_71.al,92,0.002304,92,0.008192,94,0.002304
ER_100_0.75_72.al,93,0.001792,91,0.009984,94,0.002304
ER_100_0.75_73.al,91,0.001536,91,0.008448,96,0.002304
ER_100_0.75_74.al,92,0.001792,91,0.008448,95,0.002304
ER_100_0.75_75.al,91,0.001536,90,0.008704,95,0.002304
ER_100_0.75_76.al,92,0.001536,91,0.008448,94,0.002304
ER_100_0.75_77.al,92,0.001792,91,0.008192,94,0.002304
ER_100_0.75_78.al,92,0.001536,91,0.008448,94,0.002304
ER_100_0.75_79.al,91,0.002048,91,0.008704,95,0.002304
ER_100_0.75_7.al,92,0.001536,91,0.008448,96,0.002304
ER_100_0.75_80.al,93,0.001536,92,0.009728,95,0.003072
ER_100_0.75_81.al,93,0.001792,92,0.010752,95,0.002304
ER_100_0.75_82.al,92,0.001536,91,0.008448,95,0.002560
ER_100_0.75_83.al,91,0.001792,91,0.008448,96,0.002048
ER_100_0.75_84.al,91,0.001792,91,0.008448,95,0.002304
ER_100_0.75_85.al,92,0.001536,91,0.008448,95,0.002560
ER_100_0.75_86.al,92,0.001536,92,0.008192,95,0.002304
ER_100_0.75_87.al,93,0.001792,92,0.008192,95,0.002304
ER_100_0.75_88.al,93,0.002560,92,0.008192,95,0.002304
ER_100_0.75_89.al,92,0.001536,91,0.008704,95,0.002304
ER_100_0.75_8.al,92,0.001536,92,0.008704,93,0.002304
ER_100_0.75_90.al,93,0.001792,90,0.008192,95,0.002560
ER_100_0.75_91.al,92,0.001792,92,0.008448,95,0.002304
ER_100_0.75_92.al,92,0.001536,92,0.008704,96,0.002304
ER_100_0.75_93.al,93,0.001536,92,0.008448,95,0.002304
ER_100_0.75_94.al,92,0.001792,92,0.008192,95,0.002304
ER_100_0.75_95.al,92,0.001792,92,0.008448,95,0.002304
ER_100_0.75_96.al,92,0.001792,92,0.008960,95,0.002304
ER_100_0.75_97.al,93,0.001792,92,0.008960,96,0.002304
ER_100_0.75_98.al,92,0.001792,91,0.008192,96,0.002304
ER_100_0.75_99.al,93,0.001792,91,0.008192,95,0.002304
ER_100_0.75_9.al,91,0.001792,91,0.008448,94,0.002304
ER_10_0.25_0.al,4,0.000000,4,0.000000,5,0.000000
ER_10_0.25_10.al,3,0.000000,3,0.000000,3,0.000000
ER_10_0.25_11.al,2,0.000000,2,0.000000,2,0.000000
ER_10_0.25_12.al,2,0.000000,2,0.000000,3,0.000000
ER_10_0.25_13.al,2,0.000000,2,0.000000,2,0.000000
ER_10_0.25_14.al,2,0.000000,2,0.000000,2,0.000000
ER_10_0.25_15.al,1,0.000000,1,0.000000,1,0.000000
ER_10_0.25_16.al,2,0.000000,2,0.000000,2,0.000000
ER_10_0.25_17.al,2,0.000000,2,0.000000,2,0.000000
ER_10_0.25_18.al,3,0.000000,3,0.000000,4,0.000256
ER_10_0.25_19.al,2,0.000000,2,0.000000,2,0.000000
ER_10_0.25_1.al,2,0.000000,2,0.000000,2,0.000000
ER_10_0.25_20.al,2,0.000000,2,0.000000,2,0.000000
ER_10_0.25_21.al,4,0.000000,4,0.000000,4,0.000000
ER_10_0.25_22.al,3,0.000000,3,0.000000,3,0.000000
ER_10_0.25_23.al,1,0.000000,1,0.000000,1,0.000000
ER_10_0.25_24.al,2,0.000000,2,0.000000,2,0.000000
ER_10_0.25_25.al,2,0.000000,2,0.000000,2,0.000000
ER_10_0.25_26.al,2,0.000000,2,0.000000,2,0.000000
ER_10_0.25_27.al,2,0.000000,2,0.000000,2,0.000000
ER_10_0.25_28.al,2,0.000000,2,0.000000,2,0.000000
ER_10_0.25_29.al,2,0.000000,2,0.000000,2,0.000000
ER_10_0.25_2.al,1,0.000000,1,0.000000,1,0.000000
ER_10_0.25_30.al,2,0.000000,2,0.000000,2,0.000000
ER_10_0.25_31.al,3,0.000000,3,0.000000,3,0.000000
ER_10_0.25_32.al,3,0.000000,3,0.000000,3,0.000000
ER_10_0.25_33.al,2,0.000000,2,0.000000,2,0.000000
ER_10_0.25_34.al,2,0.000000,2,0.000000,2,0.000000
ER_10_0.25_35.al,3,0.000000,3,0.000000,4,0.000000
ER_10_0.25_36.al,2,0.000000,2,0.000000,2,0.000000
ER_10_0.25_37.al,3,0.000000,3,0.000000,3,0.000000
ER_10_0.25_38.al,1,0.000000,1,0.000000,1,0.000000
ER_10_0.25_39.al,1,0.000000,1,0.000000,1,0.000000
ER_10_0.25_3.al,2,0.000000,2,0.000000,2,0.000000
ER_10_0.25_40.al,3,0.000000,3,0.000000,3,0.000256
ER_10_0.25_41.al,2,0.000000,2,0.000000,2,0.000000
ER_10_0.25_42.al,2,0.000000,2,0.000000,3,0.000000
ER_10_0.25_43.al,2,0.000000,2,0.000000,2,0.000000
ER_10_0.25_44.al,2,0.000000,2,0.000000,2,0.000000
ER_10_0.25_45.al,3,0.000000,3,0.000000,4,0.000000
ER_10_0.25_46.al,2,0.000000,2,0.000000,2,0.000000
ER_10_0.25_47.al,2,0.000000,2,0.000000,2,0.000000
ER_10_0.25_48.al,1,0.000000,1,0.000000,1,0.000000
ER_10_0.25_49.al,2,0.000000,2,0.000000,2,0.000000
ER_10_0.25_4.al,2,0.000000,2,0.000000,2,0.000000
ER_10_0.25_50.al,1,0.000000,1,0.000000,1,0.000000
ER_10_0.25_51.al,3,0.000000,3,0.000000,3,0.000000
ER_10_0.25_52.al,3,0.000000,3,0.000000,4,0.000000
ER_10_0.25_53.al,2,0.000000,2,0.000000,2,0.000000
ER_10_0.25_54.al,3,0.000000,3,0.000000,3,0.000000
ER_10_0.25_55.al,2,0.000000,2,0.000000,2,0.000000
ER_10_0.25_56.al,1,0.000000,1,0.000000,1,0.000000
ER_10_0.25_57.al,2,0.000000,2,0.000000,2,0.000256
ER_10_0.25_58.al,2,0.000000,2,0.000000,2,0.000000
ER_10_0.25_59.al,1,0.000000,1,0.000000,1,0.000000
ER_10_0.25_5.al,2,0.000000,2,0.000000,3,0.000000
ER_10_0.25_60.al,2,0.000000,2,0.000000,3,0.000000
ER_10_0.25_61.al,3,0.000000,3,0.000000,3,0.000000
ER_10_0.25_62.al,2,0.000000,2,0.000000,2,0.000000
ER_10_0.25_63.al,2,0.000000,2,0.000000,3,0.000000
ER_10_0.25_64.al,2,0.000000,2,0.000000,2,0.000000
ER_10_0.25_65.al,3,0.000000,3,0.000000,4,0.000000
ER_10_0.25_66.al,2,0.000000,2,0.000000,2,0.000000
ER_10_0.25_67.al,2,0.000000,2,0.000000,3,0.000000
ER_10_0.25_68.al,2,0.000000,2,0.000000,2,0.000000
ER_10_0.25_69.al,2,0.000000,2,0.000000,2,0.000000
ER_10_0.25_6.al,3,0.000000,3,0.000000,4,0.000000
ER_10_0.25_70.al,3,0.000000,3,0.000000,4,0.000000
ER_10_0.25_71.al,2,0.000000,2,0.000000,2,0.000000
ER_10_0.25_72.al,3,0.000000,3,0.000000,3,0.000000
ER_10_0.25_73.al,1,0.000000,1,0.000000,1,0.000000
ER_10_0.25_74.al,3,0.000000,3,0.000000,3,0.000256
ER_10_0.25_75.al,2,0.000000,2,0.000000,3,0.000000
ER_10_0.25_76.al,2,0.000000,2,0.000000,2,0.000000
ER_10_0.25_77.al,3,0.000000,3,0.000000,3,0.000000
ER_10_0.25_78.al,1,0.000000,1,0.000000,1,0.000000
ER_10_0.25_79.al,2,0.000000,2,0.000000,2,0.000000
ER_10_0.25_7.al,2,0.000000,2,0.000000,2,0.000000
ER_10_0.25_80.al,1,0.000000,1,0.000000,1,0.000000
ER_10_0.25_81.al,3,0.000256,3,0.000000,3,0.000000
ER_10_0.25_82.al,2,0.000000,2,0.000000,2,0.000000
ER_10_0.25_83.al,2,0.000000,2,0.000000,2,0.000000
ER_10_0.25_84.al,1,0.000000,1,0.000000,1,0.000000
ER_10_0.25_85.al,2,0.000000,2,0.000000,2,0.000000
ER_10_0.25_86.al,2,0.000000,2,0.000000,2,0.000000
ER_10_0.25_87.al,1,0.000000,1,0.000000,1,0.000000
ER_10_0.25_88.al,2,0.000000,2,0.000000,2,0.000000
ER_10_0.25_89.al,2,0.000000,2,0.000000,3,0.000000
ER_10_0.25_8.al,2,0.000000,2,0.000000,2,0.000000
ER_10_0.25_90.al,2,0.000000,2,0.000000,3,0.000000
ER_10_0.25_91.al,4,0.000000,4,0.000000,4,0.000000
ER_10_0.25_92.al,1,0.000000,1,0.000000,1,0.000000
ER_10_0.25_93.al,2,0.000000,2,0.000000,2,0.000000
ER_10_0.25_94.al,2,0.000000,2,0.000000,3,0.000000
ER_10_0.25_95.al,3,0.000000,3,0.000000,4,0.000000
ER_10_0.25_96.al,2,0.000000,2,0.000000,2,0.000000
ER_10_0.25_97.al,2,0.000000,2,0.000000,2,0.000000
ER_10_0.25_98.al,1,0.000000,1,0.000000,1,0.000000
ER_10_0.25_99.al,2,0.000000,2,0.000000,2,0.000000
ER_10_0.25_9.al,2,0.000000,2,0.000000,2,0.000000
ER_10_0.50_0.al,4,0.000000,4,0.000000,4,0.000000
ER_10_0.50_10.al,6,0.000000,6,0.000000,7,0.000000
ER_10_0.50_11.al,4,0.000000,4,0.000000,5,0.000000
ER_10_0.50_12.al,5,0.000000,5,0.000000,6,0.000000
ER_10_0.50_13.al,5,0.000000,5,0.000000,5,0.000000
ER_10_0.50_14.al,5,0.000000,5,0.000000,5,0.000000
ER_10_0.50_15.al,4,0.000000,4,0.000000,5,0.000000
ER_10_0.50_16.al,5,0.000000,5,0.000000,5,0.000000
ER_10_0.50_17.al,5,0.000000,5,0.000000,6,0.000000
ER_10_0.50_18.al,4,0.000000,4,0.000000,4,0.000000
ER_10_0.50_19.al,5,0.000000,5,0.000000,5,0.000000
ER_10_0.50_1.al,4,0.000000,4,0.000000,4,0.000000
ER_10_0.50_20.al,4,0.000000,4,0.000256,5,0.000000
ER_10_0.50_21.al,4,0.000000,4,0.000000,5,0.000000
ER_10_0.50_22.al,3,0.000000,3,0.000000,4,0.000000
ER_10_0.50_23.al,4,0.000000,4,0.000000,4,0.000000
ER_10_0.50_24.al,4,0.000000,4,0.000256,4,0.000000
ER_10_0.50_25.al,4,0.000000,4,0.000000,5,0.000000
ER_10_0.50_26.al,4,0.000000,4,0.000000,4,0.000000
ER_10_0.50_27.al,4,0.000000,4,0.000000,4,0.000000
ER_10_0.50_28.al,4,0.000000,4,0.000000,5,0.000000
ER_10_0.50_29.al,4,0.000000,4,0.000000,4,0.000000
ER_10_0.50_2.al,5,0.000000,5,0.000000,6,0.000000
ER_10_0.50_30.al,6,0.000000,6,0.000000,6,0.000256
ER_10_0.50_31.al,4,0.000000,4,0.000000,5,0.000000
ER_10_0.50_32.al,5,0.000000,5,0.000000,5,0.000000
ER_10_0.50_33.al,4,0.000000,4,0.000000,4,0.000000
ER_10_0.50_34.al,4,0.000000,4,0.000000,5,0.000000
ER_10_0.50_35.al,4,0.000000,4,0.000000,5,0.000000
ER_10_0.50_36.al,4,0.000000,4,0.000000,4,0.000000
ER_10_0.50_37.al,4,0.000000,4,0.000000,4,0.000000
ER_10_0.50_38.al,4,0.000000,4,0.000000,4,0.000000
ER_10_0.50_39.al,4,0.000000,4,0.000000,5,0.000000
ER_10_0.50_3.al,4,0.000000,4,0.000000,4,0.000000
ER_10_0.50_40.al,5,0.000000,5,0.000000,6,0.000000
ER_10_0.50_41.al,4,0.000000,4,0.000000,6,0.000256
ER_10_0.50_42.al,4,0.000000,4,0.000000,5,0.000000
ER_10_0.50_43.al,2,0.000000,2,0.000000,2,0.000000
ER_10_0.50_44.al,4,0.000000,4,0.000000,5,0.000000
ER_10_0.50_45.al,4,0.000000,4,0.000000,5,0.000000
ER_10_0.50_46.al,5,0.000000,5,0.000000,7,0.000000
ER_10_0.50_47.al,4,0.000000,4,0.000000,4,0.000000
ER_10_0.50_48.al,3,0.000000,3,0.000000,5,0.000000
ER_10_0.50_49.al,5,0.000000,5,0.000000,6,0.000000
ER_10_0.50_4.al,3,0.000000,3,0.000000,3,0.000000
ER_10_0.50_50.al,4,0.000000,4,0.000000,4,0.000000
ER_10_0.50_51.al,3,0.000000,3,0.000000,4,0.000000
ER_10_0.50_52.al,5,0.000000,5,0.000256,6,0.000000
ER_10_0.50_53.al,5,0.000000,5,0.000000,5,0.000000
ER_10_0.50_54.al,5,0.000000,5,0.000000,5,0.000000
ER_10_0.50_55.al,4,0.000000,4,0.000000,5,0.000000
ER_10_0.50_56.al,5,0.000000,5,0.000000,5,0.000000
ER_10_0.50_57.al,4,0.000000,4,0.000000,6,0.000256
ER_10_0.50_58.al,5,0.000000,5,0.000000,5,0.000000
ER_10_0.50_59.al,5,0.000000,5,0.000000,5,0.000000
ER_10_0.50_5.al,6,0.000000,6,0.000000,8,0.000000
ER_10_0.50_60.al,4,0.000000,4,0.000000,5,0.000000
ER_10_0.50_61.al,4,0.000000,4,0.000000,5,0.000000
ER_10_0.50_62.al,4,0.000000,4,0.000000,4,0.000000
ER_10_0.50_63.al,4,0.000000,4,0.000000,5,0.000000
ER_10_0.50_64.al,5,0.000000,5,0.000000,5,0.000000
ER_10_0.50_65.al,4,0.000000,4,0.000000,4,0.000000
ER_10_0.50_66.al,3,0.000000,3,0.000000,4,0.000000
ER_10_0.50_67.al,5,0.000000,5,0.000000,5,0.000000
ER_10_0.50_68.al,4,0.000000,4,0.000000,6,0.000000
ER_10_0.50_69.al,5,0.000000,5,0.000000,5,0.000000
ER_10_0.50_6.al,4,0.000000,4,0.000000,4,0.000000
ER_10_0.50_70.al,4,0.000000,4,0.000256,5,0.000000
ER_10_0.50_71.al,5,0.000000,5,0.000000,6,0.000000
ER_10_0.50_72.al,4,0.000000,4,0.000000,5,0.000000
ER_10_0.50_73.al,6,0.000000,6,0.000000,6,0.000000
ER_10_0.50_74.al,4,0.000000,4,0.000000,5,0.000000
ER_10_0.50_75.al,5,0.000000,4,0.000000,5,0.000000
ER_10_0.50_76.al,4,0.000000,4,0.000000,5,0.000000
ER_10_0.50_77.al,3,0.000000,3,0.000000,4,0.000000
ER_10_0.50_78.al,5,0.000000,5,0.000000,5,0.000000
ER_10_0.50_79.al,4,0.000000,4,0.000000,4,0.000000
ER_10_0.50_7.al,5,0.000000,5,0.000000,5,0.000000
ER_10_0.50_80.al,3,0.000000,3,0.000000,3,0.000000
ER_10_0.50_81.al,2,0.000000,2,0.000000,2,0.000256
ER_10_0.50_82.al,4,0.000000,4,0.000000,5,0.000000
ER_10_0.50_83.al,4,0.000000,4,0.000000,4,0.000000
ER_10_0.50_84.al,5,0.000000,5,0.000000,5,0.000000
ER_10_0.50_85.al,5,0.000000,5,0.000000,5,0.000000
ER_10_0.50_86.al,5,0.000000,5,0.000256,6,0.000000
ER_10_0.50_87.al,5,0.000000,5,0.000000,6,0.000000
ER_10_0.50_88.al,5,0.000000,4,0.000000,5,0.000000
ER_10_0.50_89.al,4,0.000000,4,0.000000,4,0.000000
ER_10_0.50_8.al,4,0.000000,4,0.000000,5,0.000000
ER_10_0.50_90.al,3,0.000000,3,0.000256,4,0.000000
ER_10_0.50_91.al,4,0.000000,4,0.000000,4,0.000000
ER_10_0.50_92.al,4,0.000000,4,0.000000,6,0.000000
ER_10_0.50_93.al,5,0.000000,4,0.000000,6,0.000000
ER_10_0.50_94.al,4,0.000000,4,0.000000,5,0.000000
ER_10_0.50_95.al,4,0.000000,4,0.000000,4,0.000000
ER_10_0.50_96.al,4,0.000000,4,0.000000,4,0.000000
ER_10_0.50_97.al,4,0.000000,4,0.000000,4,0.000000
ER_10_0.50_98.al,5,0.000000,4,0.000000,5,0.000000
ER_10_0.50_99.al,3,0.000256,3,0.000000,4,0.000000
ER_10_0.50_9.al,4,0.000000,4,0.000000,4,0.000000
ER_10_0.75_0.al,6,0.000000,6,0.000000,6,0.000000
ER_10_0.75_10.al,6,0.000000,6,0.000000,7,0.000000
ER_10_0.75_11.al,6,0.000000,6,0.000000,7,0.000000
ER_10_0.75_12.al,6,0.000000,6,0.000000,7,0.000000
ER_10_0.75_13.al,7,0.000000,7,0.000000,7,0.000000
ER_10_0.75_14.al,7,0.000000,7,0.000000,7,0.000000
ER_10_0.75_15.al,5,0.000000,5,0.000000,5,0.000000
ER_10_0.75_16.al,7,0.000000,6,0.000000,7,0.000000
ER_10_0.75_17.al,6,0.000000,6,0.000000,7,0.000000
ER_10_0.75_18.al,6,0.000256,6,0.000000,7,0.000000
ER_10_0.75_19.al,7,0.000000,7,0.000000,7,0.000000
ER_10_0.75_1.al,6,0.000000,6,0.000000,6,0.000000
ER_10_0.75_20.al,5,0.000000,5,0.000000,5,0.000000
ER_10_0.75_21.al,5,0.000000,5,0.000000,6,0.000000
ER_10_0.75_22.al,6,0.000000,6,0.000256,8,0.000000
ER_10_0.75_23.al,7,0.000000,6,0.000000,7,0.000000
ER_10_0.75_24.al,7,0.000000,7,0.000000,8,0.000000
ER_10_0.75_25.al,7,0.000000,7,0.000000,7,0.000000
ER_10_0.75_26.al,6,0.000000,6,0.000000,8,0.000000
ER_10_0.75_27.al,7,0.000000,7,0.000000,8,0.000000
ER_10_0.75_28.al,6,0.000000,6,0.000000,7,0.000000
ER_10_0.75_29.al,6,0.000000,6,0.000000,6,0.000000
ER_10_0.75_2.al,6,0.000256,6,0.000000,6,0.000000
ER_10_0.75_30.al,7,0.000000,7,0.000000,8,0.000000
ER_10_0.75_31.al,7,0.000000,7,0.000000,7,0.000000
ER_10_0.75_32.al,6,0.000000,6,0.000000,6,0.000000
ER_10_0.75_33.al,7,0.000000,7,0.000000,7,0.000000
ER_10_0.75_34.al,5,0.000000,5,0.000000,5,0.000000
ER_10_0.75_35.al,6,0.000000,6,0.000000,7,0.000000
ER_10_0.75_36.al,7,0.000000,7,0.000000,7,0.000000
ER_10_0.75_37.al,6,0.000000,6,0.000256,6,0.000000
ER_10_0.75_38.al,6,0.000000,6,0.000000,6,0.000000
ER_10_0.75_39.al,6,0.000000,6,0.000000,8,0.000000
ER_10_0.75_3.al,7,0.000000,7,0.000000,7,0.000000
ER_10_0.75_40.al,5,0.000000,5,0.000000,5,0.000000
ER_10_0.75_41.al,6,0.000000,6,0.000000,7,0.000000
ER_10_0.75_42.al,7,0.000256,7,0.000000,8,0.000000
ER_10_0.75_43.al,6,0.000000,6,0.000000,6,0.000000
ER_10_0.75_44.al,7,0.000000,7,0.000000,7,0.000000
ER_10_0.75_45.al,6,0.000000,6,0.000000,6,0.000000
ER_10_0.75_46.al,7,0.000000,7,0.000256,7,0.000000
ER_10_0.75_47.al,7,0.000000,7,0.000000,7,0.000000
ER_10_0.75_48.al,6,0.000000,6,0.000000,6,0.000000
ER_10_0.75_49.al,6,0.000000,6,0.000000,6,0.000000
ER_10_0.75_4.al,6,0.000000,6,0.000000,6,0.000000
ER_10_0.75_50.al,6,0.000000,6,0.000000,6,0.000000
ER_10_0.75_51.al,7,0.000000,6,0.000000,6,0.000000
ER_10_0.75_52.al,5,0.000000,5,0.000000,5,0.000000
ER_10_0.75_53.al,6,0.000000,6,0.000000,7,0.000000
ER_10_0.75_54.al,7,0.000000,7,0.000000,7,0.000000
ER_10_0.75_55.al,7,0.000000,7,0.000000,7,0.000000
ER_10_0.75_56.al,7,0.000000,7,0.000000,8,0.000000
ER_10_0.75_57.al,6,0.000000,6,0.000000,7,0.000000
ER_10_0.75_58.al,6,0.000000,6,0.000000,7,0.000000
ER_10_0.75_59.al,5,0.000000,5,0.000256,5,0.000000
ER_10_0.75_5.al,5,0.000000,5,0.000000,6,0.000000
ER_10_0.75_60.al,7,0.000000,7,0.000000,7,0.000000
ER_10_0.75_61.al,5,0.000000,5,0.000000,5,0.000000
ER_10_0.75_62.al,7,0.000000,7,0.000000,7,0.000000
ER_10_0.75_63.al,6,0.000000,6,0.000000,6,0.000000
ER_10_0.75_64.al,6,0.000000,6,0.000000,8,0.000000
ER_10_0.75_65.al,6,0.000000,5,0.000000,6,0.000000
ER_10_0.75_66.al,6,0.000000,6,0.000000,6,0.000000
ER_10_0.75_67.al,5,0.000000,5,0.000000,6,0.000000
ER_10_0.75_68.al,5,0.000000,5,0.000000,6,0.000000
ER_10_0.75_69.al,7,0.000000,7,0.000000,7,0.000000
ER_10_0.75_6.al,6,0.000000,6,0.000000,6,0.000000
ER_10_0.75_70.al,7,0.000000,7,0.000000,8,0.000000
ER_10_0.75_71.al,6,0.000000,6,0.000000,6,0.000000
ER_10_0.75_72.al,7,0.000000,7,0.000000,8,0.000000
ER_10_0.75_73.al,7,0.000000,7,0.000000,7,0.000000
ER_10_0.75_74.al,6,0.000000,6,0.000000,6,0.000000
ER_10_0.75_75.al,6,0.000000,6,0.000000,6,0.000000
ER_10_0.75_76.al,7,0.000000,6,0.000000,6,0.000000
ER_10_0.75_77.al,7,0.000000,7,0.000000,7,0.000000
ER_10_0.75_78.al,7,0.000000,7,0.000000,8,0.000000
ER_10_0.75_79.al,6,0.000000,6,0.000000,6,0.000000
ER_10_0.75_7.al,6,0.000000,6,0.000000,7,0.000000
ER_10_0.75_80.al,7,0.000000,7,0.000000,7,0.000000
ER_10_0.75_81.al,7,0.000000,7,0.000000,7,0.000000
ER_10_0.75_82.al,6,0.000000,6,0.000000,7,0.000000
ER_10_0.75_83.al,7,0.000000,7,0.000000,7,0.000000
ER_10_0.75_84.al,6,0.000000,6,0.000000,7,0.000256
ER_10_0.75_85.al,6,0.000000,6,0.000000,6,0.000000
ER_10_0.75_86.al,5,0.000000,5,0.000000,6,0.000000
ER_10_0.75_87.al,7,0.000000,7,0.000000,7,0.000000
ER_10_0.75_88.al,6,0.000000,6,0.000000,7,0.000000
ER_10_0.75_89.al,5,0.000000,5,0.000000,5,0.000000
ER_10_0.75_8.al,6,0.000000,6,0.000000,6,0.000000
ER_10_0.75_90.al,6,0.000000,6,0.000000,7,0.000000
ER_10_0.75_91.al,6,0.000000,6,0.000000,7,0.000000
ER_10_0.75_92.al,5,0.000000,5,0.000000,6,0.000000
ER_10_0.75_93.al,7,0.000000,7,0.000000,7,0.000000
ER_10_0.75_94.al,7,0.000000,7,0.000000,7,0.000000
ER_10_0.75_95.al,6,0.000000,6,0.000000,7,0.000000
ER_10_0.75_96.al,6,0.000000,6,0.000000,6,0.000000
ER_10_0.75_97.al,6,0.000000,6,0.000000,7,0.000000
ER_10_0.75_98.al,6,0.000000,6,0.000000,6,0.000000
ER_10_0.75_99.al,5,0.000000,5,0.000000,5,0.000000
ER_10_0.75_9.al,6,0.000000,6,0.000000,6,0.000000
